id,first_name,last_name,email,gender,department,salary,bonus,dateOfBirth
1,Rebecka,Cooksey,rcooksey0@a8.net,Female,Accounting,2372,,06/16/1980
2,Ree,Wickie,rwickie1@blogs.com,Genderqueer,Support,5960,,05/15/1987
3,Alyss,Parvin,aparvin2@gmpg.org,Female,Research and Development,1144,913,12/03/1980
4,Mala,Crossingham,mcrossingham3@wikia.com,Female,Product Management,4129,,11/09/2007
5,Wilona,Wasylkiewicz,wwasylkiewicz4@devhub.com,Female,Business Development,4976,,09/25/1975
6,Bette-ann,Castilljo,bcastilljo5@mlb.com,Polygender,Sales,4504,1120,01/18/1981
7,Donelle,Probart,dprobart6@ftc.gov,Female,Human Resources,1084,1359,06/26/2011
8,Betteanne,McTavish,bmctavish7@w3.org,Female,Accounting,3475,1327,03/25/2001
9,Sterne,Huggins,shuggins8@tiny.cc,Male,Marketing,1670,469,10/30/1995
10,Minette,Van der Velde,mvandervelde9@huffingtonpost.com,Female,Training,2589,1751,08/29/1995
11,Loren,Khan,lkhana@squarespace.com,Female,Business Development,5492,1315,01/11/1980
12,Randal,Coverley,rcoverleyb@chicagotribune.com,Non-binary,Accounting,5667,317,10/08/1975
13,Leandra,Campey,lcampeyc@ucsd.edu,Female,Accounting,5218,,05/26/2011
14,Cosette,Starkings,cstarkingsd@bandcamp.com,Female,Business Development,1594,,03/22/1976
15,Manuel,O'Conor,moconore@bloomberg.com,Male,Human Resources,1138,918,01/22/1991
16,Christophorus,Petriello,cpetriellof@shutterfly.com,Male,Training,5764,,04/09/2008
17,Rhodia,Jeffreys,rjeffreysg@mapquest.com,Female,Human Resources,4657,961,05/01/1971
18,Felicio,Adamek,fadamekh@dropbox.com,Non-binary,Research and Development,1732,,09/26/1973
19,Hyman,Savege,hsavegei@intel.com,Male,Business Development,2519,1765,11/26/1990
20,Dare,Beasant,dbeasantj@thetimes.co.uk,Male,Training,3477,800,12/10/1994
21,Laverna,Houseman,lhousemank@yolasite.com,Female,Legal,2105,222,05/28/1991
22,Hewitt,Kleinhaus,hkleinhausl@unc.edu,Male,Accounting,1898,1154,03/31/2013
23,Agace,Pescod,apescodm@unblog.fr,Female,Research and Development,4086,1266,10/13/2011
24,Odie,Kempston,okempstonn@samsung.com,Male,Services,4683,175,03/12/1988
25,Zelig,Tabor,ztaboro@tiny.cc,Male,Product Management,3352,478,05/23/1994
26,Percival,Bydaway,pbydawayp@ehow.com,Male,Legal,1542,,04/14/1972
27,Aretha,Sarfati,asarfatiq@t-online.de,Female,Business Development,3960,,01/10/1973
28,Waylin,Pencott,wpencottr@who.int,Male,Accounting,2199,,11/04/1975
29,Kris,Kaesmakers,kkaesmakerss@sakura.ne.jp,Female,Marketing,1221,565,08/04/1980
30,Domenic,Marusyak,dmarusyakt@dagondesign.com,Male,Human Resources,2865,,06/14/1999
31,Beltran,Humbert,bhumbertu@mashable.com,Male,Services,5485,864,11/29/1983
32,Sukey,Hempel,shempelv@photobucket.com,Female,Sales,4611,827,05/22/1987
33,Cherice,Maryon,cmaryonw@deviantart.com,Genderqueer,Marketing,1860,1907,08/03/1979
34,Hanna,Gayle,hgaylex@businessweek.com,Bigender,Accounting,2089,,09/17/1999
35,Brittaney,Presdie,bpresdiey@cpanel.net,Female,Human Resources,2888,1596,01/16/2009
36,Dorothea,Venmore,dvenmorez@wix.com,Female,Research and Development,2749,1940,07/12/2002
37,Robena,Rosenfield,rrosenfield10@engadget.com,Genderqueer,Support,3746,,07/17/2000
38,Rodd,Mayo,rmayo11@buzzfeed.com,Male,Sales,4854,236,07/02/1977
39,Joel,MacTimpany,jmactimpany12@free.fr,Male,Accounting,1460,1379,06/19/2007
40,Corty,Panketh,cpanketh13@shutterfly.com,Male,Product Management,3866,1579,09/04/2008
41,Cecile,Brewin,cbrewin14@reuters.com,Female,Sales,3928,1854,11/21/1985
42,Bank,Watting,bwatting15@usnews.com,Male,Human Resources,2927,638,12/20/1976
43,Abran,Oller,aoller16@opensource.org,Male,Training,5903,437,12/01/1975
44,Claretta,Kubes,ckubes17@1688.com,Female,Business Development,5057,1714,01/23/2005
45,Thacher,Ault,tault18@arizona.edu,Male,Business Development,1901,1097,12/14/2002
46,Cyrus,Sissland,csissland19@wordpress.org,Male,Accounting,4565,492,02/16/1971
47,Glen,Howarth,ghowarth1a@over-blog.com,Female,Human Resources,5274,1580,01/09/1992
48,Dunc,Van Rembrandt,dvanrembrandt1b@wikipedia.org,Male,Legal,5452,,04/28/1973
49,Geno,Brobak,gbrobak1c@networksolutions.com,Male,Sales,5290,1889,07/25/1978
50,Franny,Maycey,fmaycey1d@cnet.com,Male,Marketing,1467,,01/26/1997
51,Keir,Dore,kdore1e@loc.gov,Male,Support,3823,696,05/20/1991
52,Lainey,Keiling,lkeiling1f@goo.ne.jp,Female,Accounting,5658,670,09/14/1981
53,Caresa,Longson,clongson1g@vk.com,Female,Engineering,3864,,06/10/1976
54,Paulette,Hessay,phessay1h@wix.com,Female,Support,2623,629,01/04/1992
55,Leupold,Jurick,ljurick1i@xrea.com,Male,Support,1983,1095,10/22/2001
56,Craggie,Eilles,ceilles1j@indiatimes.com,Male,Sales,1739,,08/10/2006
57,Sonnie,Schuck,sschuck1k@icq.com,Male,Product Management,4622,507,07/21/2009
58,Harland,Thuillier,hthuillier1l@usgs.gov,Male,Marketing,2937,239,04/19/2001
59,Mathian,Juzek,mjuzek1m@phpbb.com,Male,Accounting,3328,912,02/05/1977
60,Timothy,Oldroyd,toldroyd1n@gmpg.org,Male,Legal,1973,389,02/14/1973
61,Oates,Bydaway,obydaway1o@free.fr,Male,Human Resources,2883,1111,12/15/1980
62,Terri,Cecely,tcecely1p@elegantthemes.com,Male,Human Resources,4130,1605,06/25/1977
63,Tadeas,Phelipeau,tphelipeau1q@bravesites.com,Male,Support,1113,332,02/08/1993
64,Leupold,Baldassi,lbaldassi1r@blogs.com,Male,Engineering,4142,1111,11/15/1980
65,Haley,Mariotte,hmariotte1s@miibeian.gov.cn,Male,Support,4850,,01/09/1987
66,Harland,Varfolomeev,hvarfolomeev1t@yellowpages.com,Male,Services,1084,1595,05/28/1999
67,Marmaduke,McGarahan,mmcgarahan1u@globo.com,Male,Services,3681,1355,08/08/2008
68,Daniele,Imison,dimison1v@jalbum.net,Female,Engineering,3205,,04/07/1977
69,Agustin,Bonnell,abonnell1w@wiley.com,Male,Human Resources,1231,,10/23/1979
70,Noak,Thorbon,nthorbon1x@shareasale.com,Male,Accounting,3776,1399,03/04/2002
71,Ulberto,Gowman,ugowman1y@amazon.com,Male,Business Development,5998,1471,06/18/1995
72,Desmond,Yitshak,dyitshak1z@trellian.com,Male,Legal,1738,,02/09/1982
73,Salmon,Lerwell,slerwell20@dedecms.com,Male,Support,3672,1493,08/13/2000
74,Brigitte,Sodo,bsodo21@thetimes.co.uk,Female,Support,4551,416,07/03/2000
75,Ramonda,Luberti,rluberti22@tamu.edu,Female,Marketing,1272,429,07/23/1997
76,Desiree,Levecque,dlevecque23@va.gov,Female,Engineering,4224,1003,04/16/1973
77,Natty,Clothier,nclothier24@etsy.com,Male,Accounting,3137,910,01/03/1998
78,Jerrome,Hilary,jhilary25@quantcast.com,Bigender,Research and Development,4714,,07/11/2010
79,Dennison,Thornally,dthornally26@scientificamerican.com,Male,Product Management,5553,1041,06/22/1990
80,Kippy,Drysdall,kdrysdall27@pen.io,Female,Accounting,5393,,09/07/1992
81,Caroline,McNevin,cmcnevin28@google.de,Agender,Accounting,3807,595,05/29/1988
82,Wilmette,Di Matteo,wdimatteo29@wikia.com,Female,Sales,2053,1576,09/05/1974
83,Hulda,Ilyas,hilyas2a@infoseek.co.jp,Female,Product Management,2999,,04/27/2008
84,Megan,Oven,moven2b@army.mil,Female,Product Management,5045,368,01/27/1976
85,Nathanil,Crispin,ncrispin2c@tinyurl.com,Male,Legal,3088,,02/08/2001
86,Trix,Harwin,tharwin2d@phpbb.com,Female,Sales,5667,1508,07/25/1970
87,Gilburt,Lettuce,glettuce2e@networkadvertising.org,Male,Product Management,1115,1698,05/05/1979
88,Billy,Maddison,bmaddison2f@unicef.org,Female,Engineering,2038,,04/05/1995
89,Alexine,Seakes,aseakes2g@histats.com,Female,Support,5637,1984,06/06/1998
90,Gilbert,Dunican,gdunican2h@omniture.com,Male,Product Management,3874,,10/23/1989
91,Khalil,De Domenicis,kdedomenicis2i@google.ca,Male,Product Management,2098,400,09/10/1999
92,Seymour,Wale,swale2j@pen.io,Male,Legal,2988,,04/09/1976
93,Mala,Kerin,mkerin2k@thetimes.co.uk,Female,Marketing,4772,,10/10/1998
94,Davey,Attenbarrow,dattenbarrow2l@google.com,Male,Accounting,1590,,12/18/1983
95,Lewie,Alvar,lalvar2m@businessinsider.com,Male,Human Resources,4751,1472,01/31/1991
96,Cinderella,Spillane,cspillane2n@gov.uk,Female,Business Development,4244,339,02/09/1991
97,Burch,Crawshay,bcrawshay2o@foxnews.com,Genderqueer,Human Resources,5819,,09/23/1997
98,Moreen,Abrahamoff,mabrahamoff2p@t-online.de,Female,Research and Development,3360,,09/22/1983
99,Bucky,Tregian,btregian2q@umich.edu,Male,Training,3809,177,08/31/1988
100,Dinny,Borrill,dborrill2r@livejournal.com,Polygender,Product Management,1412,1064,08/02/1981
101,Keven,Cawthera,kcawthera2s@uol.com.br,Male,Marketing,3730,1441,02/23/2013
102,Marylynne,Pereira,mpereira2t@cbc.ca,Female,Legal,4759,1415,01/21/1977
103,Brynn,Fillary,bfillary2u@sina.com.cn,Female,Services,5711,719,09/04/1977
104,Donnell,Sinden,dsinden2v@github.com,Male,Support,4171,916,04/11/2000
105,Dukey,Cottrill,dcottrill2w@msu.edu,Male,Accounting,4104,178,03/20/1975
106,Thayne,Stanlike,tstanlike2x@independent.co.uk,Male,Support,3262,,01/16/1970
107,Dasie,Scullard,dscullard2y@senate.gov,Female,Services,1884,,12/28/2004
108,Katherine,Tooke,ktooke2z@bloglines.com,Female,Services,1290,1733,10/23/1985
109,Boniface,Tegeller,btegeller30@mozilla.org,Male,Training,4877,396,04/09/2006
110,Dayna,Mooney,dmooney31@feedburner.com,Female,Human Resources,4104,,02/01/1977
111,Tynan,Kleinzweig,tkleinzweig32@diigo.com,Male,Research and Development,5406,,12/29/1985
112,Lorianne,Fatkin,lfatkin33@microsoft.com,Female,Accounting,1966,1134,10/07/2005
113,Mariele,Zmitrichenko,mzmitrichenko34@vimeo.com,Female,Research and Development,1412,1447,04/08/2007
114,Brannon,Lavery,blavery35@diigo.com,Male,Marketing,1343,909,09/13/1981
115,Iver,Gulc,igulc36@oakley.com,Male,Training,5674,160,06/26/2001
116,Candi,Giovannini,cgiovannini37@noaa.gov,Female,Business Development,1299,726,05/23/1971
117,Terri-jo,Pairpoint,tpairpoint38@wix.com,Female,Sales,3538,1796,03/05/1985
118,Doug,Ridewood,dridewood39@samsung.com,Male,Product Management,1139,488,09/03/1989
119,Rafael,Dymidowicz,rdymidowicz3a@wiley.com,Male,Business Development,5573,,03/27/1976
120,Artemas,Maciunas,amaciunas3b@yahoo.co.jp,Male,Services,2278,203,06/23/2012
121,Hilda,McKim,hmckim3c@nasa.gov,Female,Accounting,4530,1260,02/08/1979
122,Annice,Janssens,ajanssens3d@123-reg.co.uk,Female,Engineering,2176,1076,04/14/2013
123,Andrea,Anthes,aanthes3e@nifty.com,Male,Engineering,1694,,04/03/2002
124,Curry,Naismith,cnaismith3f@blogs.com,Bigender,Legal,3920,,05/13/1986
125,Nicholle,Leifer,nleifer3g@china.com.cn,Genderfluid,Accounting,5636,978,06/22/1989
126,Jerrilee,Mosten,jmosten3h@ox.ac.uk,Female,Marketing,2838,311,10/27/1993
127,Ermina,Haggar,ehaggar3i@ed.gov,Female,Accounting,1053,384,07/06/2004
128,Carlin,Ketteman,cketteman3j@jugem.jp,Male,Marketing,1183,566,11/08/1988
129,Iggie,Marcus,imarcus3k@posterous.com,Male,Legal,2761,140,05/14/1970
130,Elsa,Hattrick,ehattrick3l@java.com,Female,Legal,5281,934,12/02/1977
131,Torin,Dubs,tdubs3m@imdb.com,Male,Accounting,1885,594,12/11/2011
132,Leonidas,Pitbladdo,lpitbladdo3n@reverbnation.com,Male,Business Development,5361,281,04/16/2011
133,Arman,Welfare,awelfare3o@symantec.com,Male,Training,2766,,07/29/1976
134,Theodosia,McLaggan,tmclaggan3p@google.nl,Female,Support,1972,,08/18/1972
135,Arch,Sarra,asarra3q@umich.edu,Male,Human Resources,5995,1215,08/16/1981
136,Linoel,Spillman,lspillman3r@is.gd,Male,Support,3275,1035,06/10/1991
137,Hiram,Anwyl,hanwyl3s@si.edu,Non-binary,Legal,2920,,09/28/1990
138,Brand,O'Dunneen,bodunneen3t@arizona.edu,Male,Legal,2932,,02/28/1979
139,Troy,Jewett,tjewett3u@deviantart.com,Male,Support,4401,1221,11/06/1991
140,Livia,Malpass,lmalpass3v@whitehouse.gov,Female,Human Resources,1894,,03/30/1999
141,Adrianna,McGown,amcgown3w@dot.gov,Polygender,Human Resources,3398,,08/29/1973
142,Alfy,Pickervance,apickervance3x@barnesandnoble.com,Male,Human Resources,4966,1116,08/24/1995
143,Bobbette,Paish,bpaish3y@ucla.edu,Female,Sales,2175,443,02/03/1988
144,Glenna,Mumbray,gmumbray3z@timesonline.co.uk,Female,Marketing,5218,1071,01/18/2007
145,Sylvia,Mariaud,smariaud40@noaa.gov,Female,Business Development,5930,935,10/26/2008
146,Alyda,Edwinson,aedwinson41@oracle.com,Female,Research and Development,1717,337,10/18/1970
147,Vince,Farrand,vfarrand42@google.de,Male,Legal,5117,797,07/15/2006
148,Melicent,Dresche,mdresche43@buzzfeed.com,Genderqueer,Marketing,1980,,10/20/1990
149,Denna,Hurst,dhurst44@amazon.co.uk,Female,Accounting,2927,,07/12/1970
150,Ricky,Ladewig,rladewig45@earthlink.net,Male,Training,2461,1291,05/22/1985
151,Taddeo,Spillman,tspillman46@opensource.org,Male,Human Resources,3709,1260,11/20/1972
152,Kellen,Cuxson,kcuxson47@archive.org,Male,Legal,3533,,11/11/1978
153,Salli,Richardt,srichardt48@imgur.com,Female,Product Management,5703,,10/13/1981
154,Morissa,Nancekivell,mnancekivell49@flavors.me,Female,Accounting,1155,,07/31/1972
155,Aloin,Rubenov,arubenov4a@senate.gov,Male,Human Resources,5993,131,01/14/2011
156,Viole,Forryan,vforryan4b@gmpg.org,Female,Marketing,4868,547,10/29/2007
157,Lauren,Nern,lnern4c@google.co.jp,Male,Business Development,3182,,05/16/1986
158,Rogerio,Richardes,rrichardes4d@dyndns.org,Male,Product Management,1473,,02/16/1976
159,Darius,Caesman,dcaesman4e@unicef.org,Male,Research and Development,3624,202,03/25/2004
160,Ciro,Exon,cexon4f@yahoo.com,Male,Research and Development,4225,725,11/14/1981
161,Cam,Ambler,cambler4g@uol.com.br,Male,Support,5271,730,05/16/1981
162,Astrid,Gothup,agothup4h@hostgator.com,Female,Marketing,4225,,05/06/1989
163,Wilma,Simek,wsimek4i@vinaora.com,Female,Business Development,1790,1469,07/19/1973
164,Ryun,Morehall,rmorehall4j@163.com,Male,Legal,1955,1560,12/03/2013
165,Zorine,Imesen,zimesen4k@google.nl,Female,Legal,4194,457,03/04/2002
166,Tammie,Pllu,tpllu4l@youtube.com,Male,Training,2360,,09/02/1975
167,Lorant,Cuxon,lcuxon4m@hibu.com,Male,Sales,3788,1069,05/07/1998
168,Egan,Bischof,ebischof4n@java.com,Male,Accounting,5590,939,11/14/1985
169,Henryetta,Woodyatt,hwoodyatt4o@loc.gov,Female,Engineering,5173,1648,06/23/1974
170,Debby,Fountain,dfountain4p@tumblr.com,Polygender,Support,2592,1196,03/02/2014
171,Brian,Cheves,bcheves4q@ehow.com,Male,Support,3650,,03/10/1971
172,Donnajean,Farrow,dfarrow4r@wordpress.com,Female,Business Development,4170,328,08/05/1999
173,Philis,Jonah,pjonah4s@mozilla.org,Female,Human Resources,5145,1620,02/27/2012
174,Archibaldo,Mc Dermid,amcdermid4t@tinyurl.com,Male,Marketing,2897,522,11/06/1987
175,Lizette,Bruhnsen,lbruhnsen4u@nytimes.com,Female,Engineering,5956,598,07/26/1972
176,Reinwald,Milton-White,rmiltonwhite4v@plala.or.jp,Genderfluid,Legal,4975,,11/26/2002
177,Livia,Lecount,llecount4w@upenn.edu,Female,Human Resources,5333,215,03/01/1978
178,Cecile,MacBey,cmacbey4x@netlog.com,Female,Marketing,5723,,09/24/1997
179,Brook,Parcell,bparcell4y@hc360.com,Agender,Services,5873,535,04/07/1988
180,Chilton,Ferrar,cferrar4z@unblog.fr,Male,Legal,2014,211,03/29/2006
181,Marina,Reinhard,mreinhard50@blogspot.com,Female,Services,4865,676,06/17/1973
182,Ogden,Santore,osantore51@360.cn,Male,Business Development,1786,855,06/30/2000
183,Ashley,Nice,anice52@stanford.edu,Male,Legal,3878,1692,01/23/1986
184,Cathi,Venus,cvenus53@dropbox.com,Female,Marketing,3064,850,02/02/1999
185,Marcelia,McCuis,mmccuis54@ifeng.com,Female,Sales,5274,1205,11/20/2008
186,Pablo,Cowthard,pcowthard55@indiatimes.com,Male,Human Resources,4495,1178,02/26/2002
187,Linzy,Scedall,lscedall56@wunderground.com,Female,Legal,4536,,01/28/1979
188,Iolande,Cecely,icecely57@prnewswire.com,Female,Services,5163,686,09/09/1984
189,Artur,Weddeburn - Scrimgeour,aweddeburnscrimgeour58@delicious.com,Male,Sales,4502,625,07/28/2007
190,Leelah,Gounel,lgounel59@scientificamerican.com,Female,Research and Development,2992,,05/15/2006
191,Kaiser,Nudde,knudde5a@g.co,Male,Research and Development,3308,293,12/20/2004
192,Mendie,Clopton,mclopton5b@example.com,Male,Engineering,2163,540,11/28/1974
193,Karola,Stucksbury,kstucksbury5c@icio.us,Genderqueer,Engineering,4422,1764,09/10/1983
194,Ban,Cuniffe,bcuniffe5d@deviantart.com,Male,Business Development,1044,850,03/26/1972
195,Roth,Hanbidge,rhanbidge5e@dyndns.org,Male,Training,2286,1367,06/26/1996
196,Judi,Longmate,jlongmate5f@wordpress.com,Female,Training,5643,,10/17/2002
197,Cherida,Rodie,crodie5g@cpanel.net,Female,Sales,2904,,06/03/1993
198,Martin,Vearnals,mvearnals5h@oaic.gov.au,Male,Sales,4955,871,02/09/1999
199,Vincents,Fulun,vfulun5i@4shared.com,Male,Business Development,5273,896,02/14/2002
200,Lorena,Treen,ltreen5j@nsw.gov.au,Female,Engineering,2736,678,03/19/2009
201,Duky,Randal,drandal5k@toplist.cz,Male,Services,5244,801,03/15/2002
202,Dante,Rookwell,drookwell5l@nifty.com,Male,Sales,4821,1384,06/18/2013
203,Sella,Donhardt,sdonhardt5m@arstechnica.com,Female,Research and Development,2530,556,11/07/1986
204,Kay,Klimes,kklimes5n@upenn.edu,Agender,Engineering,5809,1255,01/04/2005
205,Belia,Shegog,bshegog5o@virginia.edu,Female,Marketing,2857,267,05/05/1980
206,Rosalinda,Teenan,rteenan5p@chicagotribune.com,Polygender,Human Resources,2228,1967,04/13/2008
207,Ozzy,Lindblad,olindblad5q@wired.com,Male,Services,4816,425,12/29/1988
208,Jeno,Mattioni,jmattioni5r@huffingtonpost.com,Male,Sales,3376,1588,01/07/2000
209,Anallise,Devereu,adevereu5s@weibo.com,Female,Product Management,1443,1213,03/25/1997
210,Wilfred,Elan,welan5t@github.io,Male,Accounting,5907,,11/29/1986
211,Douglass,Aronowitz,daronowitz5u@fotki.com,Male,Business Development,5568,732,04/02/2003
212,Kariotta,Waring,kwaring5v@gov.uk,Female,Business Development,5885,1237,12/06/1991
213,Danny,Lavelle,dlavelle5w@youtube.com,Male,Research and Development,3481,,09/21/1992
214,Micaela,Lerigo,mlerigo5x@yolasite.com,Female,Human Resources,4798,1235,01/30/2011
215,Raina,Cuddehay,rcuddehay5y@webs.com,Female,Services,4643,,02/04/2006
216,Donavon,Petran,dpetran5z@artisteer.com,Male,Legal,3127,137,06/08/1971
217,Spencer,Labbati,slabbati60@angelfire.com,Male,Product Management,3065,1417,01/14/1989
218,Gordan,Eidelman,geidelman61@networksolutions.com,Male,Accounting,5254,224,03/25/1995
219,Aloysius,Havoc,ahavoc62@timesonline.co.uk,Male,Research and Development,4815,,10/30/1976
220,Myrtle,Crutchley,mcrutchley63@amazonaws.com,Female,Research and Development,3579,880,01/23/2008
221,Devi,Feechum,dfeechum64@businessweek.com,Female,Human Resources,3838,1530,07/25/1976
222,Raffaello,Battram,rbattram65@discovery.com,Male,Training,3456,1517,06/24/1972
223,Dar,Eicheler,deicheler66@icio.us,Male,Product Management,2781,1312,06/07/1990
224,Teodoor,Jeves,tjeves67@storify.com,Male,Business Development,5665,,11/26/2004
225,Janey,Coathup,jcoathup68@bbb.org,Female,Sales,2675,1813,11/06/1996
226,Saunderson,Satchell,ssatchell69@kickstarter.com,Non-binary,Training,5639,,08/25/1989
227,Sapphira,Jailler,sjailler6a@qq.com,Female,Human Resources,3893,,08/22/1972
228,Alric,Chestle,achestle6b@homestead.com,Male,Business Development,3102,496,08/16/2005
229,Melody,Stolle,mstolle6c@umn.edu,Female,Accounting,5320,,11/20/1983
230,Dionis,Sharrocks,dsharrocks6d@biglobe.ne.jp,Female,Product Management,1438,561,08/10/2006
231,Nil,Escoffier,nescoffier6e@vk.com,Male,Research and Development,3201,,04/15/1973
232,Kip,Watsham,kwatsham6f@bloglines.com,Male,Marketing,1273,557,03/27/2002
233,Franky,Gowdy,fgowdy6g@cyberchimps.com,Male,Sales,2019,,05/01/2006
234,Rivkah,Schellig,rschellig6h@wikia.com,Bigender,Engineering,4635,646,08/22/2004
235,Brion,Ralling,bralling6i@ibm.com,Male,Human Resources,2773,1298,03/15/1986
236,Miriam,Stoller,mstoller6j@ow.ly,Female,Engineering,2696,148,07/24/1976
237,Marshal,Bunch,mbunch6k@123-reg.co.uk,Male,Engineering,1379,153,12/14/1976
238,Freemon,Gowanson,fgowanson6l@alibaba.com,Male,Support,3481,,07/09/1977
239,Nathalie,Trumpeter,ntrumpeter6m@hostgator.com,Female,Human Resources,2026,886,11/09/1992
240,Oralie,Ashplant,oashplant6n@indiatimes.com,Female,Sales,3877,,11/27/1979
241,Theo,Stormont,tstormont6o@networkadvertising.org,Bigender,Product Management,2041,998,01/09/1999
242,Camella,Chetwynd,cchetwynd6p@thetimes.co.uk,Female,Services,1511,,05/22/2007
243,Ramona,Chidzoy,rchidzoy6q@flavors.me,Female,Support,4635,,06/06/1983
244,Hugh,Scotting,hscotting6r@technorati.com,Male,Human Resources,1040,1739,07/12/1975
245,Chicky,Freyn,cfreyn6s@delicious.com,Female,Marketing,2365,,10/15/2000
246,Ethelred,Layland,elayland6t@theguardian.com,Male,Accounting,2575,1648,08/04/1984
247,Timmie,Hofton,thofton6u@sourceforge.net,Female,Human Resources,5571,,04/24/1993
248,Vaughn,De Ruel,vderuel6v@cbsnews.com,Male,Engineering,2483,881,04/07/1988
249,Kristyn,Gillatt,kgillatt6w@soundcloud.com,Female,Marketing,4286,467,08/21/2010
250,Allayne,Eatherton,aeatherton6x@marriott.com,Male,Marketing,2259,,02/27/2013
251,Albert,Guidera,aguidera6y@sphinn.com,Male,Accounting,2220,,10/13/1988
252,Berni,Tipple,btipple6z@thetimes.co.uk,Female,Training,2860,1303,05/06/1989
253,Garret,Sudran,gsudran70@cornell.edu,Agender,Support,3926,220,11/05/2005
254,Timothea,Elies,telies71@a8.net,Female,Marketing,5576,1522,07/06/1974
255,Zorina,Westcott,zwestcott72@psu.edu,Female,Training,1446,1545,08/14/2000
256,Mace,Breacher,mbreacher73@sitemeter.com,Male,Human Resources,3372,,05/08/2002
257,Vachel,Niemetz,vniemetz74@sohu.com,Male,Human Resources,5832,1873,01/06/2014
258,Carlie,Beceril,cbeceril75@desdev.cn,Male,Human Resources,3027,1637,04/29/2000
259,Thorin,Capaldo,tcapaldo76@is.gd,Male,Accounting,1344,,12/31/2006
260,Rice,Fenkel,rfenkel77@icio.us,Male,Sales,2509,970,04/10/1973
261,Nani,Stears,nstears78@i2i.jp,Female,Services,4628,1454,03/16/1971
262,Jeramey,Potkins,jpotkins79@npr.org,Male,Product Management,2710,,10/11/2013
263,Dene,Attac,dattac7a@dot.gov,Male,Engineering,5058,579,03/16/1998
264,Neilla,Tomasicchio,ntomasicchio7b@joomla.org,Female,Business Development,3963,1880,09/18/1972
265,Ashely,Fortye,afortye7c@chron.com,Female,Product Management,1327,1019,10/19/1979
266,Umberto,Barbosa,ubarbosa7d@technorati.com,Male,Services,2092,1044,11/21/2011
267,Niven,Capponeer,ncapponeer7e@army.mil,Male,Human Resources,2788,,07/28/2003
268,Kai,McGreil,kmcgreil7f@ted.com,Female,Product Management,2696,439,01/08/1985
269,Morie,Mawman,mmawman7g@chronoengine.com,Male,Human Resources,5428,,04/19/1986
270,Marten,Pentecost,mpentecost7h@rakuten.co.jp,Male,Sales,2615,352,08/08/1970
271,Andreas,Corneljes,acorneljes7i@soup.io,Male,Business Development,4332,1672,09/02/1971
272,Dominica,MacCosto,dmaccosto7j@hp.com,Genderfluid,Training,2090,,12/20/2010
273,Binnie,Aris,baris7k@naver.com,Female,Accounting,1115,157,02/21/1994
274,Giuseppe,Skelding,gskelding7l@ed.gov,Male,Legal,2264,,02/03/1992
275,Ara,Loton,aloton7m@altervista.org,Male,Support,2333,1764,08/17/1971
276,Kean,Reaney,kreaney7n@squarespace.com,Non-binary,Product Management,1949,799,05/07/1993
277,Marilin,Woodes,mwoodes7o@eventbrite.com,Female,Marketing,5565,1837,07/04/1988
278,Bartel,Corry,bcorry7p@engadget.com,Male,Support,2296,274,12/22/1979
279,Rivkah,Fairs,rfairs7q@bing.com,Female,Services,2299,,12/17/1980
280,Gianna,Defries,gdefries7r@ftc.gov,Female,Accounting,4525,,12/15/1990
281,Baxy,Rosenstiel,brosenstiel7s@google.de,Male,Research and Development,2200,284,02/15/2013
282,Powell,Stanley,pstanley7t@skype.com,Male,Services,1931,1941,08/30/1975
283,Kimberley,Lissandre,klissandre7u@sun.com,Female,Business Development,3524,,02/26/2007
284,Karolina,Gonsalvo,kgonsalvo7v@merriam-webster.com,Female,Business Development,1270,686,10/26/1970
285,Corabella,Radcliffe,cradcliffe7w@java.com,Female,Services,2833,,07/22/2002
286,Marielle,Muzzini,mmuzzini7x@networksolutions.com,Female,Product Management,1551,1992,03/26/1973
287,Filia,Juschka,fjuschka7y@msu.edu,Female,Engineering,1682,1224,03/22/2012
288,Erastus,Sculley,esculley7z@twitter.com,Male,Legal,3699,,02/08/2003
289,Ina,Dury,idury80@uiuc.edu,Female,Engineering,1682,1663,12/06/2011
290,Jedidiah,Piatti,jpiatti81@msn.com,Male,Training,5981,1048,02/10/1978
291,Lion,Sabate,lsabate82@creativecommons.org,Male,Accounting,4852,494,11/24/1972
292,Kendra,Joye,kjoye83@nbcnews.com,Female,Support,3845,1663,04/19/1977
293,Gifford,Fradson,gfradson84@ustream.tv,Male,Engineering,1483,,02/20/1988
294,Carree,Cardall,ccardall85@addtoany.com,Female,Training,3053,1857,06/25/1981
295,Ericka,Dalston,edalston86@wikispaces.com,Female,Accounting,4284,1501,04/07/1987
296,Tallie,Geistmann,tgeistmann87@fda.gov,Male,Engineering,5629,1437,06/27/1994
297,Elia,Erricker,eerricker88@opera.com,Male,Business Development,1401,1749,05/02/1999
298,Philipa,Kassman,pkassman89@gizmodo.com,Female,Human Resources,2311,,04/01/1994
299,Theodor,McGrath,tmcgrath8a@cbc.ca,Male,Human Resources,1629,1496,07/05/1973
300,Jacky,Thornham,jthornham8b@odnoklassniki.ru,Female,Marketing,5738,,01/14/1975
301,Palm,Cowser,pcowser8c@weebly.com,Male,Sales,2361,1622,01/08/2000
302,Grissel,Rhead,grhead8d@salon.com,Female,Sales,2826,1526,03/05/1978
303,Renee,Rennie,rrennie8e@flickr.com,Female,Research and Development,4878,293,04/15/1990
304,Karlis,McLellan,kmclellan8f@npr.org,Male,Human Resources,5338,,02/28/1989
305,Taddeo,Fowles,tfowles8g@narod.ru,Male,Legal,3149,1001,03/09/2003
306,Eadith,McClymont,emcclymont8h@unesco.org,Female,Legal,3102,403,06/19/1976
307,Erik,Pomfrett,epomfrett8i@artisteer.com,Male,Research and Development,5996,1640,10/22/1991
308,Karel,Derrington,kderrington8j@mayoclinic.com,Male,Legal,1921,940,06/07/2012
309,Bat,Boagey,bboagey8k@weather.com,Male,Marketing,5141,1469,10/31/2011
310,Sephira,Clapson,sclapson8l@ezinearticles.com,Female,Training,2892,1864,07/31/1985
311,Bernie,Hamlin,bhamlin8m@time.com,Female,Engineering,5170,1634,06/24/1980
312,Gabi,Siehard,gsiehard8n@infoseek.co.jp,Male,Business Development,1499,129,12/08/1975
313,Ric,Fahy,rfahy8o@paginegialle.it,Male,Marketing,5802,1231,03/05/1972
314,Meade,Lambal,mlambal8p@studiopress.com,Male,Support,1528,1877,01/16/1970
315,Crissy,Poor,cpoor8q@instagram.com,Female,Research and Development,4190,1829,07/29/1971
316,Feodora,Jenner,fjenner8r@nps.gov,Female,Training,1850,672,05/30/1977
317,Starla,Crollman,scrollman8s@blog.com,Female,Human Resources,5267,,07/09/1980
318,Reinold,Basili,rbasili8t@earthlink.net,Male,Research and Development,5647,,10/07/1982
319,Zandra,Guerrero,zguerrero8u@bloglovin.com,Female,Services,4770,1518,05/27/1991
320,Nisse,Trench,ntrench8v@facebook.com,Female,Human Resources,5779,,04/26/1974
321,Wilhelmine,Heatlie,wheatlie8w@acquirethisname.com,Polygender,Product Management,2440,,10/09/2003
322,Sallyann,Westraw,swestraw8x@pagesperso-orange.fr,Female,Engineering,5202,1462,06/09/1990
323,Kath,Oliphant,koliphant8y@archive.org,Female,Research and Development,3493,1126,03/09/2011
324,Vikky,Veness,vveness8z@wix.com,Female,Human Resources,5355,1235,01/03/1987
325,Karolina,Petrov,kpetrov90@amazon.de,Non-binary,Support,3542,431,03/13/1983
326,Darryl,Weedall,dweedall91@imdb.com,Male,Services,1135,531,11/19/1989
327,Archer,Colebourne,acolebourne92@issuu.com,Male,Services,4805,687,05/20/1997
328,Mady,Lejeune,mlejeune93@aboutads.info,Female,Business Development,3066,1885,03/14/1987
329,Cammi,Greydon,cgreydon94@nsw.gov.au,Female,Product Management,3123,1710,08/20/2006
330,Joycelin,Orrill,jorrill95@nymag.com,Female,Legal,4826,676,12/03/2009
331,Alyson,Crich,acrich96@51.la,Female,Sales,3019,,12/15/2001
332,Idell,Sigars,isigars97@github.com,Bigender,Marketing,5362,1874,05/13/1997
333,Joice,Marchington,jmarchington98@soundcloud.com,Female,Business Development,2215,1900,05/21/2005
334,Fabien,MacDonagh,fmacdonagh99@youtube.com,Male,Services,1158,171,06/17/1996
335,Cece,Mosen,cmosen9a@1und1.de,Male,Services,4184,1961,05/18/1980
336,Aeriela,Yurukhin,ayurukhin9b@nymag.com,Female,Sales,5084,1420,08/16/2008
337,Lucita,Clayhill,lclayhill9c@cornell.edu,Female,Research and Development,1578,,11/17/2012
338,Frank,Le Provest,fleprovest9d@webmd.com,Female,Business Development,1547,587,12/07/1981
339,Annadiane,Fandrich,afandrich9e@techcrunch.com,Female,Services,2698,480,04/18/2008
340,Devon,Kearney,dkearney9f@cnn.com,Female,Business Development,3802,,10/07/2003
341,Nil,Addlestone,naddlestone9g@telegraph.co.uk,Male,Support,2932,1955,03/26/1997
342,Annetta,Fitchen,afitchen9h@yandex.ru,Genderfluid,Research and Development,1462,160,11/12/1983
343,Jenine,Rodie,jrodie9i@addtoany.com,Female,Product Management,1837,1226,06/15/1970
344,Enid,Kennett,ekennett9j@marriott.com,Female,Services,4272,1866,10/19/1974
345,Darsie,Crowche,dcrowche9k@ocn.ne.jp,Female,Services,1991,1564,03/08/1986
346,Vassily,Paffett,vpaffett9l@ocn.ne.jp,Male,Support,1871,1760,04/01/1992
347,Cornelle,Gurnay,cgurnay9m@paypal.com,Female,Marketing,3368,,01/08/2010
348,William,McQuirk,wmcquirk9n@cargocollective.com,Male,Human Resources,3867,,07/28/2004
349,Damon,Curry,dcurry9o@washington.edu,Male,Sales,1235,917,06/18/1989
350,Cymbre,Ambler,cambler9p@ftc.gov,Female,Accounting,3973,,08/25/1988
351,Orsola,Anwell,oanwell9q@merriam-webster.com,Female,Sales,2887,578,05/19/1989
352,Nani,Dorin,ndorin9r@godaddy.com,Female,Training,3836,,07/15/1978
353,Paolina,McPhail,pmcphail9s@jalbum.net,Female,Engineering,1994,,01/16/2010
354,Ezekiel,Arlow,earlow9t@guardian.co.uk,Male,Support,1629,,10/09/1971
355,Yasmin,De Giovanni,ydegiovanni9u@geocities.jp,Female,Marketing,4820,1501,05/09/1978
356,Darsey,Sancto,dsancto9v@un.org,Genderqueer,Product Management,4544,1417,07/07/1974
357,Edwin,Scardifield,escardifield9w@vistaprint.com,Male,Support,5389,1571,07/11/2010
358,Baron,Rizzardo,brizzardo9x@state.tx.us,Male,Accounting,4796,,07/11/1981
359,Umeko,Bonnett,ubonnett9y@icq.com,Female,Human Resources,4479,1374,03/08/1979
360,Ted,Middell,tmiddell9z@deviantart.com,Female,Product Management,3187,868,05/15/1994
361,Warner,Halsall,whalsalla0@squarespace.com,Male,Marketing,3750,1262,04/14/1976
362,Dominick,Liversedge,dliversedgea1@domainmarket.com,Male,Sales,4356,,12/24/1975
363,Abie,Scarse,ascarsea2@google.es,Male,Services,4432,983,09/10/2004
364,Aron,Quennell,aquennella3@odnoklassniki.ru,Male,Engineering,1825,878,08/09/1984
365,Bethany,Crilly,bcrillya4@blog.com,Female,Product Management,2942,811,10/05/2005
366,Dalenna,Walasik,dwalasika5@dion.ne.jp,Female,Research and Development,3218,,04/07/1986
367,Flore,Rudyard,frudyarda6@netscape.com,Female,Training,4822,173,11/04/2012
368,Craig,Caustic,ccaustica7@loc.gov,Male,Marketing,2398,,11/27/1996
369,Brandea,Rides,bridesa8@imageshack.us,Female,Sales,3018,,11/04/2000
370,Claudianus,Gaveltone,cgaveltonea9@google.pl,Non-binary,Legal,2146,1556,09/21/1975
371,Darbie,Voden,dvodenaa@topsy.com,Bigender,Marketing,3984,,01/29/2006
372,Claudia,Mapes,cmapesab@unc.edu,Female,Product Management,1233,268,09/11/1980
373,Meridel,Braben,mbrabenac@ocn.ne.jp,Female,Research and Development,4453,788,03/21/1996
374,Jammal,Blasing,jblasingad@ftc.gov,Genderqueer,Human Resources,5521,847,10/01/1971
375,Afton,Pounds,apoundsae@google.es,Female,Support,2633,,05/28/1981
376,Minerva,Vaggs,mvaggsaf@msn.com,Female,Research and Development,3163,1268,04/15/1985
377,Leola,Finney,lfinneyag@hubpages.com,Female,Product Management,5660,467,04/09/1971
378,Cornelle,Hagley,chagleyah@diigo.com,Female,Legal,3967,,03/04/1981
379,Chelsea,Marwood,cmarwoodai@biblegateway.com,Female,Legal,1008,259,04/19/1995
380,Giana,Chattell,gchattellaj@constantcontact.com,Female,Services,3652,1669,11/26/2011
381,Vincents,Harme,vharmeak@nba.com,Male,Marketing,4208,273,10/10/2007
382,Lynsey,Paynter,lpaynteral@sitemeter.com,Genderfluid,Engineering,4541,567,11/14/1975
383,Lilly,Myton,lmytonam@ezinearticles.com,Female,Training,1989,258,02/19/2010
384,Darrelle,Lovat,dlovatan@forbes.com,Female,Human Resources,5219,,08/18/1983
385,Gregory,Jay,gjayao@oaic.gov.au,Male,Legal,2966,1294,01/10/1974
386,Gaile,Decruse,gdecruseap@sitemeter.com,Male,Business Development,2695,538,06/28/1986
387,Boycie,Greim,bgreimaq@twitter.com,Male,Business Development,5459,871,12/10/2001
388,Erwin,Houlson,ehoulsonar@wufoo.com,Male,Legal,4776,,11/03/1976
389,Gloria,Pamplin,gpamplinas@squarespace.com,Female,Human Resources,1871,1774,03/23/1988
390,Viki,Flori,vfloriat@microsoft.com,Female,Business Development,1007,400,12/22/1989
391,Ian,Sneller,isnellerau@usa.gov,Male,Support,5495,,08/16/2008
392,Corabella,Hakewell,chakewellav@umn.edu,Female,Engineering,4357,1975,06/24/1993
393,Ulberto,Piner,upineraw@freewebs.com,Male,Engineering,1297,324,11/23/1995
394,Sinclare,Loddy,sloddyax@nytimes.com,Male,Product Management,4685,,11/29/1974
395,Lee,Sheeres,lsheeresay@symantec.com,Female,Research and Development,5728,1757,06/08/1984
396,Pyotr,Ryle,pryleaz@amazon.com,Male,Human Resources,2803,505,08/20/1972
397,Doralynne,Cassie,dcassieb0@livejournal.com,Female,Training,1216,,04/06/1976
398,Kessiah,Brignall,kbrignallb1@nature.com,Female,Human Resources,1973,236,04/04/2000
399,Hana,Pittson,hpittsonb2@csmonitor.com,Female,Services,4929,1256,05/08/2007
400,Addie,Rollason,arollasonb3@de.vu,Agender,Sales,1774,,09/30/1994
401,Dunstan,Simmers,dsimmersb4@usnews.com,Bigender,Research and Development,4390,,07/18/1976
402,Walker,Udell,wudellb5@liveinternet.ru,Male,Support,1092,533,04/09/1986
403,Atlante,Tranckle,atranckleb6@comsenz.com,Genderfluid,Human Resources,4461,,06/11/1990
404,Angie,McCarver,amccarverb7@sitemeter.com,Male,Product Management,2668,,07/12/1981
405,Lydia,Finey,lfineyb8@fema.gov,Female,Product Management,4409,,03/13/1994
406,Arley,Jennemann,ajennemannb9@surveymonkey.com,Male,Support,3701,467,11/17/2006
407,Kora,Mooney,kmooneyba@patch.com,Female,Research and Development,2567,762,03/07/2003
408,Anatola,Joesbury,ajoesburybb@economist.com,Female,Training,4077,1249,03/29/1988
409,Judith,Soares,jsoaresbc@ezinearticles.com,Female,Training,3029,,03/25/2007
410,Helaina,Godrich,hgodrichbd@thetimes.co.uk,Female,Product Management,3622,,05/09/1970
411,Gilberte,Acum,gacumbe@posterous.com,Female,Support,2689,1918,12/15/1972
412,Caryn,Brettel,cbrettelbf@usnews.com,Female,Research and Development,5100,1352,01/19/2009
413,Gifford,O'Roan,goroanbg@ucla.edu,Male,Legal,1699,1792,06/04/2013
414,Oneida,Daine,odainebh@hatena.ne.jp,Female,Sales,4966,,10/16/2004
415,Sashenka,Peyes,speyesbi@bloglovin.com,Female,Support,1733,357,01/20/1972
416,Davita,Alexsandrev,dalexsandrevbj@elegantthemes.com,Female,Human Resources,5604,,02/27/2010
417,Quincey,Flannigan,qflanniganbk@blogs.com,Male,Services,4609,1855,03/31/1993
418,Aristotle,Berg,abergbl@weather.com,Male,Human Resources,1692,1987,01/08/1988
419,Allys,Elsdon,aelsdonbm@altervista.org,Female,Training,3004,1525,02/21/1971
420,Georgena,Dunlea,gdunleabn@opensource.org,Female,Research and Development,2827,507,12/08/1971
421,Bertine,Stobo,bstobobo@deliciousdays.com,Female,Engineering,2601,,07/12/1974
422,Arleta,McGlade,amcgladebp@unc.edu,Female,Research and Development,1714,1800,09/22/2013
423,Ellwood,Foulser,efoulserbq@usnews.com,Male,Services,2348,1466,07/22/2004
424,Dar,Mc Dermid,dmcdermidbr@domainmarket.com,Male,Engineering,2265,,08/15/2012
425,Rollie,Lamblin,rlamblinbs@deliciousdays.com,Bigender,Accounting,2440,1426,11/14/1993
426,Arnoldo,Myhill,amyhillbt@addtoany.com,Male,Product Management,5422,1597,06/06/1974
427,George,Ellins,gellinsbu@simplemachines.org,Male,Engineering,1301,1614,09/26/1991
428,Morry,Nasi,mnasibv@tinypic.com,Male,Sales,5824,1896,06/15/2013
429,Cari,Van Hesteren,cvanhesterenbw@shop-pro.jp,Female,Human Resources,3353,,10/19/1998
430,Morris,Edmund,medmundbx@pen.io,Male,Product Management,5215,1280,01/12/1973
431,Osbourne,Rasher,orasherby@icio.us,Male,Business Development,2499,1877,06/06/1970
432,Linoel,Francesch,lfranceschbz@salon.com,Male,Business Development,1707,674,03/27/1974
433,Brunhilde,Maingot,bmaingotc0@forbes.com,Female,Legal,1101,1210,04/10/2003
434,Estrella,Crosetti,ecrosettic1@ft.com,Female,Legal,1317,1560,12/29/2008
435,Helli,Schottli,hschottlic2@123-reg.co.uk,Female,Engineering,4548,,06/10/2000
436,Rani,Dukesbury,rdukesburyc3@cbc.ca,Female,Support,1415,1435,08/21/2001
437,Lynsey,Ickovitz,lickovitzc4@shop-pro.jp,Female,Services,1854,1869,06/10/1970
438,Dani,Teek,dteekc5@xinhuanet.com,Female,Accounting,1596,,10/31/2000
439,Lorry,Pentlow,lpentlowc6@prnewswire.com,Male,Research and Development,5392,1231,03/05/1973
440,Sumner,Di Carli,sdicarlic7@uiuc.edu,Male,Services,4394,872,10/25/1993
441,Caresse,Bernli,cbernlic8@cnn.com,Female,Services,3290,707,02/26/1996
442,Randie,St. Quintin,rstquintinc9@tinyurl.com,Male,Engineering,4813,862,03/07/1978
443,Branden,Curnokk,bcurnokkca@dyndns.org,Genderfluid,Legal,5312,1723,09/12/2007
444,Glynis,Saddington,gsaddingtoncb@chron.com,Female,Product Management,3378,122,05/03/1997
445,Daryl,Keysall,dkeysallcc@businessinsider.com,Female,Human Resources,2098,1274,08/23/1970
446,Padgett,Coucha,pcouchacd@msn.com,Male,Human Resources,2238,619,01/29/1980
447,Tabb,Slograve,tslogravece@tripod.com,Male,Engineering,1227,215,08/15/1972
448,Hamel,D'Ambrogio,hdambrogiocf@ebay.co.uk,Male,Engineering,2670,354,06/20/1988
449,Burtie,Toby,btobycg@merriam-webster.com,Male,Support,3516,1815,07/21/1982
450,Alanna,Winskill,awinskillch@devhub.com,Female,Product Management,2841,1845,10/12/1997
451,Amanda,Witten,awittenci@blogtalkradio.com,Female,Sales,4551,1600,06/20/1975
452,Moira,Greenside,mgreensidecj@tiny.cc,Female,Accounting,4145,1956,08/21/1987
453,Andreas,Duffet,aduffetck@dyndns.org,Male,Product Management,1740,,10/14/2002
454,Perkin,Stuehmeier,pstuehmeiercl@twitpic.com,Male,Engineering,2692,1348,04/14/1988
455,Perice,Ipgrave,pipgravecm@wired.com,Male,Services,3371,1934,03/04/1995
456,Marve,Egdell,megdellcn@bloomberg.com,Male,Services,5970,664,05/11/2002
457,Doroteya,Alfonsetto,dalfonsettoco@twitpic.com,Female,Marketing,5322,266,07/10/1996
458,Washington,Iianon,wiianoncp@nature.com,Male,Engineering,2328,1488,10/08/2012
459,Luelle,Baggalley,lbaggalleycq@wix.com,Female,Training,4317,564,05/15/1995
460,Tiebout,Flaune,tflaunecr@nymag.com,Male,Accounting,1446,506,04/16/2011
461,Lucas,Jorger,ljorgercs@epa.gov,Male,Engineering,4199,1306,01/26/1993
462,Jamie,Finkle,jfinklect@mediafire.com,Male,Legal,5630,,06/09/2002
463,Desiri,Huntar,dhuntarcu@nydailynews.com,Female,Human Resources,3425,,12/01/1975
464,Stevena,Cohan,scohancv@istockphoto.com,Female,Legal,1926,848,06/10/1979
465,Korry,D'Adda,kdaddacw@netlog.com,Female,Services,5312,585,12/26/1997
466,Nataline,Cayzer,ncayzercx@unicef.org,Female,Services,5977,404,03/30/2004
467,Lek,Such,lsuchcy@springer.com,Male,Accounting,5430,,07/20/2013
468,Jereme,Djokic,jdjokiccz@webnode.com,Male,Services,2723,1508,01/23/1999
469,Corey,Galilee,cgalileed0@state.gov,Female,Product Management,3682,411,01/08/1990
470,Chane,Gonnet,cgonnetd1@multiply.com,Male,Marketing,3575,,06/07/1984
471,Cristal,Greguoli,cgreguolid2@github.io,Female,Research and Development,3876,496,05/01/1984
472,Muire,Brabban,mbrabband3@tiny.cc,Female,Sales,4673,1569,10/26/2006
473,Cointon,Ruckman,cruckmand4@smh.com.au,Male,Legal,5814,1738,11/11/1986
474,Win,Geeraert,wgeeraertd5@tinypic.com,Male,Services,2497,575,05/22/1979
475,Dimitri,Pashan,dpashand6@fema.gov,Male,Training,1830,,05/02/1986
476,Kania,Foxall,kfoxalld7@yahoo.co.jp,Female,Sales,4688,1395,09/21/1987
477,Torrin,Commander,tcommanderd8@angelfire.com,Male,Human Resources,1764,857,05/27/2006
478,Fern,Slevin,fslevind9@fema.gov,Female,Research and Development,4154,188,02/08/1979
479,Lenard,Joscelyn,ljoscelynda@washington.edu,Male,Marketing,5285,1908,08/09/2002
480,Kassi,Whittlesey,kwhittleseydb@stumbleupon.com,Female,Training,2872,,08/16/1989
481,Barbie,Courtois,bcourtoisdc@last.fm,Female,Marketing,5680,,11/16/1980
482,Magdalen,Durward,mdurwarddd@wunderground.com,Female,Human Resources,1831,1897,08/12/2010
483,Ryan,Harms,rharmsde@ask.com,Male,Training,1116,1214,02/09/1973
484,Crystie,Geroldi,cgeroldidf@weibo.com,Female,Marketing,2452,1299,07/15/1970
485,Alanah,Boutflour,aboutflourdg@youtu.be,Female,Accounting,4241,1699,02/06/2007
486,Taylor,Muscroft,tmuscroftdh@bloglines.com,Male,Services,5627,427,08/23/1977
487,Alyda,Rubin,arubindi@bizjournals.com,Female,Business Development,4510,,02/04/1972
488,Uriah,Voyce,uvoycedj@bandcamp.com,Male,Accounting,1564,1891,11/07/2001
489,Violet,Lowres,vlowresdk@tinyurl.com,Female,Legal,4193,272,07/03/1975
490,Kathy,Brent,kbrentdl@boston.com,Female,Legal,4685,1801,08/06/1993
491,Hilliary,Hardstaff,hhardstaffdm@wufoo.com,Female,Accounting,2870,1648,11/29/1990
492,Lillian,Kleinplac,lkleinplacdn@google.pl,Female,Legal,3477,1893,10/11/1978
493,Nye,Elstob,nelstobdo@ezinearticles.com,Male,Legal,3369,,03/30/1973
494,Bobby,Sangra,bsangradp@gov.uk,Male,Services,1161,621,06/01/2007
495,Baxy,Bearn,bbearndq@unicef.org,Male,Research and Development,4216,1459,10/10/1988
496,Dotty,Youles,dyoulesdr@imageshack.us,Female,Sales,2556,1872,01/01/2008
497,Cassey,Bretton,cbrettonds@wordpress.com,Female,Training,3664,,09/21/2005
498,Korey,Timeby,ktimebydt@sbwire.com,Male,Human Resources,4682,,04/21/1972
499,Gris,Ropcke,gropckedu@liveinternet.ru,Male,Product Management,2696,,07/29/2011
500,Dana,Naile,dnailedv@ox.ac.uk,Female,Support,2595,512,10/19/1971
501,Carri,Ambridge,cambridgedw@si.edu,Female,Business Development,2745,759,11/09/2003
502,Trix,Fries,tfriesdx@hostgator.com,Female,Marketing,5240,1130,10/25/1988
503,Rosalynd,Schoenleiter,rschoenleiterdy@ca.gov,Female,Training,2437,1810,10/14/1979
504,Corabella,Bearfoot,cbearfootdz@google.com.au,Female,Training,3686,1665,07/09/2004
505,Adelbert,Snead,asneade0@is.gd,Male,Business Development,4066,842,09/16/1994
506,Alta,Razzell,arazzelle1@woothemes.com,Female,Training,1960,,02/15/1987
507,Vinita,Glaister,vglaistere2@marketwatch.com,Female,Services,3650,,03/27/1983
508,Genevra,Gile,ggilee3@hud.gov,Female,Training,3269,1586,09/03/1992
509,Sully,Orth,sorthe4@php.net,Male,Human Resources,5364,846,10/31/2008
510,Tiffanie,Tillyer,ttillyere5@patch.com,Female,Research and Development,4863,479,04/06/1979
511,Mead,Battams,mbattamse6@msn.com,Male,Legal,5191,1707,07/30/2000
512,Caldwell,Pendre,cpendree7@europa.eu,Male,Training,2305,1942,02/16/2010
513,Hubey,May,hmaye8@jugem.jp,Male,Training,5932,,12/27/1997
514,Cyndy,Balfe,cbalfee9@artisteer.com,Female,Sales,4719,1373,08/18/1997
515,Heall,Omar,homarea@nature.com,Male,Engineering,1745,1344,06/26/1977
516,Nate,Wilderspoon,nwilderspooneb@lulu.com,Male,Training,2730,,10/11/1975
517,Wolfy,Norcross,wnorcrossec@vinaora.com,Male,Support,1380,597,01/29/2008
518,Farris,Barens,fbarensed@addtoany.com,Male,Engineering,5278,199,12/02/1999
519,Dane,Caulder,dcaulderee@foxnews.com,Male,Sales,5018,,07/10/1988
520,Kristen,Webermann,kwebermannef@cbsnews.com,Female,Research and Development,3084,1372,05/18/1975
521,Tris,Gockelen,tgockeleneg@xrea.com,Male,Human Resources,4386,,01/22/1989
522,Tracee,Opy,topyeh@xing.com,Female,Support,4344,1180,08/29/1990
523,Chrysler,Darmody,cdarmodyei@pagesperso-orange.fr,Female,Legal,4166,620,04/17/2013
524,Tamar,Obin,tobinej@skype.com,Female,Services,5334,1671,03/16/2004
525,Keith,Guinane,kguinaneek@tripod.com,Male,Business Development,1568,1216,07/03/2013
526,Bobina,Burdon,bburdonel@accuweather.com,Female,Business Development,1262,1146,08/16/2008
527,Moises,Nelius,mneliusem@amazon.co.jp,Male,Sales,4776,153,02/16/1977
528,Michel,Gaskall,mgaskallen@google.com.hk,Female,Sales,3509,443,03/24/1970
529,Shantee,Siemons,ssiemonseo@last.fm,Female,Product Management,5219,806,02/06/1977
530,Mandel,Hounsome,mhounsomeep@ted.com,Male,Product Management,4152,1293,03/16/1985
531,Ceciley,O'Reagan,coreaganeq@sogou.com,Female,Human Resources,3054,214,11/01/2011
532,Victoir,Belcham,vbelchamer@facebook.com,Male,Product Management,2919,354,06/26/2003
533,Hayden,Lindborg,hlindborges@imdb.com,Male,Sales,4696,1696,08/06/2013
534,Lev,Bartholomew,lbartholomewet@sourceforge.net,Male,Research and Development,4540,,10/11/1992
535,Flss,Darbishire,fdarbishireeu@phoca.cz,Female,Product Management,5297,,11/16/1974
536,Ernest,Musico,emusicoev@bloomberg.com,Male,Engineering,3700,,11/12/2010
537,Westleigh,Chasmor,wchasmorew@tripod.com,Male,Engineering,1954,1774,04/13/1979
538,Melany,Mariot,mmariotex@biblegateway.com,Female,Sales,2185,1788,11/26/1972
539,Antonio,Bagnal,abagnaley@flickr.com,Male,Services,5026,,08/27/1977
540,Keir,Havenhand,khavenhandez@freewebs.com,Male,Marketing,2422,,08/14/1988
541,Vail,Bowser,vbowserf0@mtv.com,Male,Research and Development,4749,,05/25/2005
542,Jennilee,Pessolt,jpessoltf1@kickstarter.com,Female,Sales,3366,,03/20/2009
543,Byrle,Dealtry,bdealtryf2@scribd.com,Male,Human Resources,3473,,03/30/2005
544,Olia,Wallis,owallisf3@com.com,Female,Business Development,4300,430,01/04/1986
545,Bank,Waddie,bwaddief4@amazonaws.com,Male,Marketing,2857,1367,11/15/1970
546,Emlynn,Taynton,etayntonf5@gizmodo.com,Female,Services,4312,319,12/07/1989
547,Norbert,Nijssen,nnijssenf6@github.io,Male,Legal,3941,419,04/22/2011
548,Buddy,Ivashinnikov,bivashinnikovf7@cloudflare.com,Male,Product Management,5870,1415,11/27/2004
549,Junia,Hamsher,jhamsherf8@foxnews.com,Female,Training,2943,538,02/09/2012
550,Ellene,Tipperton,etippertonf9@foxnews.com,Female,Business Development,4717,843,03/25/1975
551,Hubey,Masterton,hmastertonfa@paypal.com,Male,Marketing,3360,581,11/29/1972
552,Harri,Otley,hotleyfb@simplemachines.org,Female,Support,1054,1007,05/13/1990
553,Genny,Orman,gormanfc@trellian.com,Female,Product Management,5451,849,03/02/1980
554,Marshall,Skae,mskaefd@ed.gov,Male,Support,5762,344,09/13/1981
555,Ealasaid,Campe,ecampefe@msn.com,Female,Support,4112,,05/26/1972
556,Pavia,Beavis,pbeavisff@sogou.com,Female,Marketing,2728,411,12/20/1995
557,Kaspar,Stealfox,kstealfoxfg@youtube.com,Male,Support,5984,1815,03/13/2000
558,Elroy,Beatson,ebeatsonfh@jugem.jp,Male,Accounting,1540,435,05/10/1987
559,Reynard,Boxe,rboxefi@youku.com,Male,Marketing,5966,587,10/19/2001
560,Tabby,Catherine,tcatherinefj@furl.net,Male,Accounting,1910,1723,07/26/2010
561,Ikey,Mattek,imattekfk@constantcontact.com,Male,Support,1258,1861,04/02/1977
562,Eugen,Mann,emannfl@joomla.org,Male,Support,4095,,08/09/1977
563,Krishna,Memory,kmemoryfm@live.com,Non-binary,Legal,5542,740,12/28/2003
564,Brnaba,Zaniolo,bzaniolofn@g.co,Male,Support,4644,190,04/03/2007
565,Teddy,Hackleton,thackletonfo@plala.or.jp,Female,Support,4307,497,08/06/1985
566,Theresa,Bonn,tbonnfp@cnet.com,Female,Sales,3852,1179,11/14/1974
567,Zulema,Lamborne,zlambornefq@tinyurl.com,Female,Accounting,4392,1801,12/29/1970
568,Glad,Gosse,ggossefr@uiuc.edu,Female,Product Management,2506,255,06/03/2002
569,Nellie,Ryott,nryottfs@chron.com,Female,Business Development,5827,,05/24/1985
570,Brear,Prue,bprueft@ted.com,Female,Research and Development,4254,,05/09/2003
571,Mason,Swatheridge,mswatheridgefu@barnesandnoble.com,Male,Human Resources,5128,,07/04/1996
572,Jeff,Sertin,jsertinfv@gnu.org,Male,Training,3992,933,12/08/1975
573,Nathalia,Caruth,ncaruthfw@sohu.com,Female,Business Development,2870,899,08/31/1971
574,Aviva,Collecott,acollecottfx@blog.com,Female,Support,2115,1595,12/25/1989
575,Zane,Badby,zbadbyfy@flavors.me,Male,Product Management,4118,820,07/15/1995
576,Nick,Alekseev,nalekseevfz@ask.com,Male,Legal,3832,982,01/29/2013
577,Alvie,Broadfoot,abroadfootg0@earthlink.net,Male,Accounting,2776,520,02/27/2006
578,Brandise,Zeale,bzealeg1@time.com,Female,Human Resources,5392,,12/15/2013
579,Lucas,Angrave,langraveg2@wikipedia.org,Male,Research and Development,3626,1684,08/14/1975
580,Mala,Andreu,mandreug3@lycos.com,Female,Engineering,3660,,09/01/1993
581,Caril,Labon,clabong4@cdc.gov,Female,Training,2836,,02/19/1991
582,Rosette,Liddel,rliddelg5@seattletimes.com,Female,Support,3500,140,09/14/1970
583,Drew,Kosiada,dkosiadag6@com.com,Male,Product Management,3614,583,06/16/2013
584,Mercy,Snooks,msnooksg7@wufoo.com,Female,Services,4185,1829,08/03/2006
585,Rosemarie,McCloud,rmccloudg8@alibaba.com,Female,Training,4070,1618,03/28/1985
586,Ike,Tureville,iturevilleg9@cargocollective.com,Male,Business Development,5121,616,06/29/1976
587,Romeo,Stent,rstentga@google.es,Male,Business Development,5311,690,12/20/1994
588,Morrie,Gilbey,mgilbeygb@imgur.com,Male,Product Management,2056,1254,06/20/1995
589,Garwood,Pailin,gpailingc@wisc.edu,Male,Marketing,4386,,05/05/1986
590,Elbert,Sawrey,esawreygd@telegraph.co.uk,Male,Engineering,4299,,06/13/1994
591,Kayla,Bygraves,kbygravesge@amazon.co.jp,Female,Training,1211,130,07/18/1980
592,Vasily,Truswell,vtruswellgf@usatoday.com,Male,Accounting,3330,1618,06/20/1993
593,Codi,Verdy,cverdygg@hatena.ne.jp,Male,Marketing,2788,1589,04/18/2009
594,Geordie,Gettone,ggettonegh@devhub.com,Male,Legal,5028,520,07/11/1994
595,Errol,Shobbrook,eshobbrookgi@state.tx.us,Male,Sales,1701,222,02/15/1970
596,Micheal,McCleverty,mmcclevertygj@goodreads.com,Male,Product Management,1760,1256,02/19/1975
597,Corey,Kermott,ckermottgk@google.fr,Polygender,Legal,1817,,11/27/1974
598,Annadiana,Cowern,acowerngl@123-reg.co.uk,Female,Services,5711,1783,11/20/1977
599,Candra,Blackman,cblackmangm@sfgate.com,Female,Engineering,1145,485,08/28/1997
600,Francklin,Andrichak,fandrichakgn@java.com,Male,Marketing,3756,1730,02/13/2003
601,Etti,Stavers,estaversgo@spotify.com,Female,Training,4550,1555,05/27/1995
602,Peggie,Kernley,pkernleygp@unesco.org,Female,Accounting,1570,1878,01/18/1984
603,Sully,Riveles,srivelesgq@icio.us,Male,Services,5925,305,11/15/1993
604,Johnna,Harmour,jharmourgr@amazon.co.uk,Bigender,Accounting,3794,,01/11/2011
605,Cassy,Bromet,cbrometgs@instagram.com,Female,Business Development,5630,558,03/03/2007
606,Annabela,Isakov,aisakovgt@usnews.com,Female,Accounting,3192,777,10/09/2002
607,Cristian,Kettley,ckettleygu@surveymonkey.com,Male,Services,1810,648,06/13/1987
608,Pincas,Whitticks,pwhitticksgv@google.com.hk,Male,Services,2524,1710,06/06/1992
609,Mateo,Georgescu,mgeorgescugw@hhs.gov,Male,Support,2126,413,05/25/1995
610,Sharia,Tureville,sturevillegx@scientificamerican.com,Female,Legal,3763,,07/02/2008
611,Eartha,Isack,eisackgy@rambler.ru,Female,Legal,2916,1133,06/30/1979
612,Jaquenette,Skells,jskellsgz@e-recht24.de,Female,Product Management,3983,561,01/31/2008
613,Hollie,Drayn,hdraynh0@irs.gov,Bigender,Research and Development,1521,321,06/02/1978
614,Nobe,Spoors,nspoorsh1@amazon.co.uk,Male,Marketing,4034,,05/04/2009
615,Susy,Hub,shubh2@go.com,Female,Business Development,2452,,10/01/2005
616,Rosalie,Cranstoun,rcranstounh3@businesswire.com,Female,Research and Development,3027,263,02/11/2003
617,Herrick,Hansed,hhansedh4@instagram.com,Male,Product Management,5176,,12/06/1979
618,Charmion,Petrik,cpetrikh5@weibo.com,Female,Research and Development,3377,773,01/06/2002
619,Raddie,Roth,rrothh6@addtoany.com,Male,Training,4398,953,09/26/1987
620,Berke,Figgess,bfiggessh7@wikispaces.com,Male,Services,3862,1607,04/08/1970
621,Billy,Gabbitus,bgabbitush8@google.cn,Male,Services,4762,,08/11/1973
622,Etti,Trudgeon,etrudgeonh9@scientificamerican.com,Female,Engineering,4002,,09/10/1970
623,Darrel,Bellhanger,dbellhangerha@linkedin.com,Genderfluid,Legal,3713,,07/14/1971
624,Athene,Attac,aattachb@live.com,Female,Sales,2087,,03/11/2001
625,Hollyanne,Hulles,hhulleshc@shareasale.com,Female,Business Development,5855,1236,02/18/1971
626,Kory,Razzell,krazzellhd@networkadvertising.org,Genderfluid,Business Development,3267,769,10/18/2012
627,Waylan,Ashton,washtonhe@pcworld.com,Male,Sales,2242,1636,04/19/1992
628,Gregorio,Haug,ghaughf@livejournal.com,Male,Support,4281,506,11/26/1994
629,Simone,Yorath,syorathhg@csmonitor.com,Male,Training,2159,,03/24/2002
630,Kristel,Anchor,kanchorhh@tmall.com,Female,Accounting,1705,934,04/16/2013
631,Jeanna,Offell,joffellhi@free.fr,Female,Product Management,1493,1421,06/06/1980
632,Kelvin,Ratchford,kratchfordhj@boston.com,Male,Legal,2825,1964,08/30/1996
633,Ferdy,Wateridge,fwateridgehk@columbia.edu,Male,Training,4503,1707,03/09/2005
634,Malina,Threlfall,mthrelfallhl@paypal.com,Female,Support,3601,315,08/06/1994
635,Bing,McGlaughn,bmcglaughnhm@eventbrite.com,Male,Engineering,4248,1854,06/25/1992
636,Erick,Konertz,ekonertzhn@illinois.edu,Male,Research and Development,5118,1685,02/18/1980
637,Wade,Bercevelo,wberceveloho@twitter.com,Male,Accounting,3290,1174,05/05/1978
638,Wilek,Faircloth,wfairclothhp@moonfruit.com,Male,Business Development,5199,,07/16/1972
639,Jasun,Probetts,jprobettshq@xing.com,Male,Human Resources,2723,1452,08/15/1973
640,Rorke,Lappine,rlappinehr@blogspot.com,Male,Training,3277,1634,06/20/1980
641,Marcela,Virgin,mvirginhs@opera.com,Female,Support,1002,,07/25/1980
642,Jimmy,Dodshon,jdodshonht@seesaa.net,Male,Human Resources,3632,914,02/18/1973
643,Isidora,Hawe,ihawehu@tamu.edu,Female,Research and Development,3925,,05/29/2000
644,Nannie,Schutze,nschutzehv@dedecms.com,Female,Marketing,4703,1334,03/17/1982
645,Reggis,Jellico,rjellicohw@dyndns.org,Male,Accounting,1980,1131,02/01/1982
646,Ezechiel,Banbrook,ebanbrookhx@dion.ne.jp,Male,Legal,4127,711,01/21/1990
647,Harold,Trowell,htrowellhy@alibaba.com,Male,Product Management,2812,223,08/24/2005
648,Codie,Chazerand,cchazerandhz@github.com,Female,Training,2782,1982,05/16/1976
649,Colline,Skottle,cskottlei0@sciencedirect.com,Female,Sales,1703,519,08/26/1997
650,Irina,McCarty,imccartyi1@nhs.uk,Female,Business Development,2494,,01/05/1982
651,Gwen,Zimmerman,gzimmermani2@omniture.com,Female,Legal,4896,625,03/04/2002
652,Taddeo,Dogerty,tdogertyi3@google.nl,Genderfluid,Training,1697,,05/04/1992
653,Lurette,Darrow,ldarrowi4@army.mil,Female,Services,4778,,02/02/1976
654,Melloney,Feldmus,mfeldmusi5@pcworld.com,Bigender,Training,4907,1475,03/08/1997
655,Geoff,Wrout,gwrouti6@sakura.ne.jp,Male,Business Development,5428,280,08/25/1987
656,John,Faraday,jfaradayi7@ft.com,Male,Services,1672,1791,07/12/2001
657,Carree,Sharpin,csharpini8@weibo.com,Female,Business Development,4435,858,11/14/1972
658,Fayth,Tuft,ftufti9@exblog.jp,Genderfluid,Support,2617,1764,12/20/2004
659,Brooks,Covington,bcovingtonia@home.pl,Female,Accounting,2541,1246,03/25/1979
660,Doy,Brame,dbrameib@miitbeian.gov.cn,Non-binary,Support,5027,769,11/04/2011
661,Cullen,Diloway,cdilowayic@wisc.edu,Male,Legal,3342,597,05/20/1992
662,Berni,Barney,bbarneyid@utexas.edu,Female,Accounting,1520,1621,08/14/2005
663,Moishe,Brigham,mbrighamie@mail.ru,Male,Business Development,3739,457,05/02/2004
664,Jeffy,Baxster,jbaxsterif@zdnet.com,Male,Research and Development,3148,1900,01/14/1972
665,Kort,Lawerence,klawerenceig@netscape.com,Male,Training,2501,,04/17/2004
666,Merrile,Dincey,mdinceyih@twitter.com,Female,Product Management,5442,384,12/16/2013
667,Abelard,Bartot,abartotii@webnode.com,Male,Sales,5127,1061,04/12/1980
668,Jacqui,Perell,jperellij@lulu.com,Female,Legal,4612,,06/13/2008
669,Shermie,Awin,sawinik@telegraph.co.uk,Male,Engineering,3509,810,01/12/2004
670,Raphaela,Leonida,rleonidail@sina.com.cn,Female,Business Development,4918,1260,06/14/1998
671,Purcell,Clout,pcloutim@prweb.com,Male,Services,4368,574,01/13/1990
672,Lilah,Cobleigh,lcobleighin@mysql.com,Female,Product Management,5712,1652,01/10/2011
673,Angeline,Gain,againio@exblog.jp,Female,Marketing,5708,,01/25/1978
674,Brook,MacPake,bmacpakeip@seesaa.net,Female,Legal,3278,,03/14/2001
675,Pattie,Crosi,pcrosiiq@umn.edu,Male,Human Resources,1859,1783,03/16/1987
676,Rici,Fitzharris,rfitzharrisir@netscape.com,Non-binary,Sales,2954,1597,03/24/1993
677,Hamil,Duffet,hduffetis@uol.com.br,Male,Services,1971,1225,05/26/1994
678,Aurea,Axton,aaxtonit@gravatar.com,Female,Product Management,2683,1731,03/22/1993
679,Collin,Tolussi,ctolussiiu@webmd.com,Male,Marketing,2851,1468,03/11/2009
680,Freddie,Corner,fcorneriv@vk.com,Female,Accounting,5069,,12/13/1990
681,Claiborn,Drackford,cdrackfordiw@thetimes.co.uk,Male,Accounting,2928,1654,12/04/1998
682,Alexandros,Zanettini,azanettiniix@gmpg.org,Male,Marketing,3462,955,07/12/1992
683,Ferrel,Ruffle,fruffleiy@boston.com,Male,Support,4792,133,07/09/1989
684,Beck,Feilden,bfeildeniz@hatena.ne.jp,Male,Research and Development,2623,,12/08/1984
685,Davida,Sharple,dsharplej0@npr.org,Female,Accounting,4527,1238,03/15/1975
686,Amandi,Hallagan,ahallaganj1@ameblo.jp,Female,Engineering,4678,587,02/10/1996
687,Iggy,Branson,ibransonj2@google.com.au,Male,Sales,5710,1141,08/24/2000
688,Abraham,Brando,abrandoj3@cpanel.net,Male,Business Development,2564,1421,02/28/1995
689,Caren,Creaser,ccreaserj4@infoseek.co.jp,Female,Marketing,2407,,06/24/1999
690,Emmit,Delgardillo,edelgardilloj5@issuu.com,Male,Support,1198,,01/08/1996
691,Guillemette,Webborn,gwebbornj6@sogou.com,Female,Engineering,3860,,09/18/2003
692,Hollis,Arger,hargerj7@sciencedirect.com,Male,Sales,5800,1392,02/19/1998
693,Benedict,MacKartan,bmackartanj8@bizjournals.com,Male,Product Management,2869,1306,08/01/1989
694,Lorens,Cassel,lcasselj9@vk.com,Male,Product Management,3759,,02/03/1976
695,Rayner,Abbys,rabbysja@cornell.edu,Male,Marketing,3371,595,04/05/2005
696,Diena,Baggarley,dbaggarleyjb@youtu.be,Female,Services,1194,511,12/16/1993
697,Torin,Rillatt,trillattjc@jiathis.com,Male,Product Management,4711,959,01/04/1975
698,Penni,Galpen,pgalpenjd@jimdo.com,Female,Marketing,4338,1734,03/22/2013
699,Matthiew,Shower,mshowerje@go.com,Male,Marketing,5466,1047,03/06/2007
700,Sauncho,Readitt,sreadittjf@wordpress.org,Male,Legal,5628,1925,06/18/2001
701,Ethe,Naisey,enaiseyjg@ehow.com,Male,Engineering,1396,,11/06/1979
702,Ramon,Gowanlock,rgowanlockjh@sun.com,Male,Product Management,1231,1221,08/20/1975
703,Kearney,Bentje,kbentjeji@unc.edu,Non-binary,Marketing,3754,491,08/07/1976
704,Brucie,Davers,bdaversjj@gmpg.org,Male,Training,5073,,04/24/1993
705,Denise,Overshott,dovershottjk@google.es,Bigender,Business Development,1035,928,02/26/1975
706,Xenia,Lapre,xlaprejl@creativecommons.org,Female,Human Resources,1580,581,11/02/2001
707,Rollin,Noonan,rnoonanjm@cbc.ca,Male,Research and Development,2523,,07/20/2005
708,Gaylord,Buttwell,gbuttwelljn@eepurl.com,Male,Research and Development,3516,479,10/03/2010
709,Regan,Edgeson,redgesonjo@mac.com,Female,Human Resources,5245,1942,07/31/1993
710,Sascha,Jarritt,sjarrittjp@microsoft.com,Male,Business Development,3695,,11/29/1996
711,Rog,Grushin,rgrushinjq@multiply.com,Male,Support,4480,,04/16/1999
712,Charleen,Dickey,cdickeyjr@youtube.com,Female,Training,3686,1553,12/29/2010
713,Josi,Maestro,jmaestrojs@rambler.ru,Genderqueer,Training,2803,1549,06/19/1981
714,Vonnie,Jeandot,vjeandotjt@liveinternet.ru,Female,Business Development,5066,1959,10/16/1970
715,Jeffy,Benneyworth,jbenneyworthju@51.la,Male,Business Development,2847,1630,03/03/2002
716,Dew,Giraldo,dgiraldojv@guardian.co.uk,Male,Accounting,2783,,07/26/1972
717,Caressa,Motto,cmottojw@macromedia.com,Female,Engineering,5995,1775,10/14/1971
718,Moore,Fulks,mfulksjx@surveymonkey.com,Male,Legal,1537,832,09/13/1978
719,Helli,Obern,hobernjy@slate.com,Female,Product Management,1190,882,03/23/1979
720,Talyah,Wilkowski,twilkowskijz@networksolutions.com,Female,Product Management,5457,1438,10/22/1973
721,Sarette,Beininck,sbeininckk0@deliciousdays.com,Female,Marketing,2711,706,07/09/1998
722,Giles,Etchingham,getchinghamk1@merriam-webster.com,Male,Services,1468,,02/05/1998
723,Jemmie,Stannard,jstannardk2@edublogs.org,Female,Marketing,3991,,06/11/1997
724,Fidelia,Gommey,fgommeyk3@youtu.be,Female,Marketing,5399,,01/09/1988
725,Wilmer,Tallis,wtallisk4@zimbio.com,Male,Training,5726,171,10/27/1991
726,Bartholomeo,Roalfe,broalfek5@bing.com,Male,Marketing,1645,,02/05/2004
727,Channa,Ivanchin,civanchink6@bluehost.com,Non-binary,Research and Development,1612,1533,01/10/1996
728,Crosby,Duigan,cduigank7@msn.com,Male,Marketing,4684,337,04/20/1998
729,Jerrilyn,Kerrey,jkerreyk8@narod.ru,Female,Marketing,3195,461,03/26/1985
730,Roscoe,McAvaddy,rmcavaddyk9@360.cn,Male,Training,3650,1715,07/03/1988
731,Maribeth,Coxen,mcoxenka@washington.edu,Female,Marketing,1603,1256,03/20/1995
732,Tiphany,Dwyer,tdwyerkb@hubpages.com,Female,Marketing,3367,724,03/23/1972
733,Lurleen,Ferns,lfernskc@nationalgeographic.com,Female,Support,2496,,07/24/2009
734,Marijn,Vaulkhard,mvaulkhardkd@imgur.com,Male,Support,3195,863,11/23/1980
735,Randy,Pagett,rpagettke@phoca.cz,Female,Human Resources,4626,934,03/16/1989
736,Koralle,Todeo,ktodeokf@mozilla.com,Female,Engineering,4100,1755,11/14/1981
737,Quintina,Farens,qfarenskg@mozilla.org,Agender,Business Development,2926,766,08/15/2004
738,Tully,Schimaschke,tschimaschkekh@123-reg.co.uk,Male,Legal,5868,1244,08/27/2002
739,Merissa,Raison,mraisonki@i2i.jp,Female,Marketing,3696,1975,04/04/1994
740,Ivette,Jiru,ijirukj@squidoo.com,Female,Product Management,5075,1797,01/30/1993
741,Alva,Beauchamp,abeauchampkk@scientificamerican.com,Genderqueer,Services,1722,,11/07/1970
742,Fidelio,Copnar,fcopnarkl@addtoany.com,Male,Sales,3281,,04/24/1994
743,Roosevelt,Murrey,rmurreykm@feedburner.com,Male,Marketing,2285,1597,11/23/1980
744,Claudelle,Vine,cvinekn@google.co.jp,Female,Accounting,4978,,10/12/2013
745,Maressa,Blaxton,mblaxtonko@thetimes.co.uk,Genderfluid,Accounting,5840,498,10/07/1989
746,Dotti,MacKibbon,dmackibbonkp@dell.com,Polygender,Business Development,5788,416,08/13/2000
747,Harriet,Timmins,htimminskq@youtu.be,Polygender,Human Resources,1616,,07/12/1980
748,Lettie,Storrar,lstorrarkr@sohu.com,Female,Services,1532,1886,09/19/2006
749,Noemi,Firebrace,nfirebraceks@printfriendly.com,Female,Human Resources,1276,,07/11/1978
750,Carmelle,Balcock,cbalcockkt@nytimes.com,Female,Accounting,1171,1106,12/16/2009
751,Eugenius,Traher,etraherku@symantec.com,Male,Business Development,3655,420,06/01/1996
752,Jozef,Ardling,jardlingkv@instagram.com,Agender,Research and Development,5363,1933,08/21/2006
753,Jackqueline,Popplewell,jpopplewellkw@mtv.com,Female,Legal,1557,,05/08/2008
754,Phillipp,Kiddey,pkiddeykx@dailymail.co.uk,Male,Product Management,4714,582,05/18/1996
755,Anatollo,Newrick,anewrickky@youku.com,Male,Product Management,4569,539,12/11/1985
756,Hill,Bernardeau,hbernardeaukz@vk.com,Male,Services,2159,1055,09/02/1980
757,Terri-jo,Morteo,tmorteol0@jigsy.com,Female,Engineering,4849,1999,11/22/1996
758,Wanids,Towers,wtowersl1@gravatar.com,Female,Legal,5954,115,05/06/1970
759,Elset,Mattschas,emattschasl2@blogger.com,Female,Product Management,3322,1817,11/11/1977
760,Cassie,Avramov,cavramovl3@google.co.jp,Female,Product Management,2527,,06/02/1995
761,Ewart,Downgate,edowngatel4@irs.gov,Male,Business Development,2184,,02/28/2002
762,Clare,Tregien,ctregienl5@wp.com,Female,Support,3649,567,03/26/1978
763,Fredericka,Franzonetti,ffranzonettil6@shutterfly.com,Female,Training,4675,,03/18/1990
764,Isac,Inston,iinstonl7@quantcast.com,Male,Support,1257,1383,11/18/1998
765,Martin,Lytton,mlyttonl8@dedecms.com,Male,Services,4693,1063,12/19/1973
766,Kalina,Yemm,kyemml9@cloudflare.com,Genderfluid,Services,5119,293,11/03/1975
767,Alec,Adam,aadamla@bluehost.com,Male,Support,5053,451,07/30/2005
768,Charmain,Brownsea,cbrownsealb@reddit.com,Female,Human Resources,4820,,10/30/2007
769,Krissie,Severwright,kseverwrightlc@ftc.gov,Female,Services,4117,,03/01/2002
770,Clemmy,Girardin,cgirardinld@fc2.com,Genderfluid,Research and Development,3975,1565,09/04/1986
771,Moria,Whiterod,mwhiterodle@histats.com,Female,Legal,2023,,05/18/1982
772,Errol,Drinkhill,edrinkhilllf@istockphoto.com,Male,Sales,4144,190,07/11/1985
773,Othella,Cuckson,ocucksonlg@youtu.be,Female,Support,5573,,02/17/2005
774,Heinrik,Vernazza,hvernazzalh@nhs.uk,Genderfluid,Support,4619,463,11/03/2013
775,Oswell,Heningham,oheninghamli@rambler.ru,Male,Business Development,4969,1105,11/23/1996
776,Kienan,Lamshead,klamsheadlj@wikimedia.org,Male,Marketing,3794,564,08/27/1996
777,Olivero,Holleworth,oholleworthlk@npr.org,Male,Accounting,2221,,12/07/1970
778,Shaun,Furze,sfurzell@furl.net,Female,Engineering,3539,1059,04/23/1972
779,Ardine,Verrell,averrelllm@globo.com,Female,Training,3753,,02/09/1973
780,Dotty,Cossins,dcossinsln@hp.com,Female,Business Development,2454,1028,09/18/1979
781,Lambert,Drohane,ldrohanelo@cnet.com,Male,Support,4594,,03/12/1976
782,Percival,Faussett,pfaussettlp@mapquest.com,Male,Legal,3000,1163,12/12/2010
783,Angus,Ranby,aranbylq@nasa.gov,Male,Engineering,5914,,11/06/1988
784,Conroy,Grievson,cgrievsonlr@1und1.de,Male,Research and Development,2349,1819,07/17/2011
785,Kassandra,Wollrauch,kwollrauchls@nbcnews.com,Female,Research and Development,4004,921,09/09/1999
786,Torr,Ashwell,tashwelllt@51.la,Male,Accounting,5706,971,09/10/1973
787,Norton,Cristofol,ncristofollu@yelp.com,Male,Product Management,1673,1498,11/30/1976
788,Nannette,Lello,nlellolv@symantec.com,Agender,Engineering,5602,377,09/28/1979
789,Dov,Staig,dstaiglw@huffingtonpost.com,Male,Engineering,3560,407,06/08/2000
790,Graham,Ryman,grymanlx@nba.com,Male,Human Resources,5914,1346,03/25/1993
791,Leese,Capineer,lcapineerly@gravatar.com,Polygender,Sales,4031,1063,11/11/2000
792,Dom,Cordy,dcordylz@opera.com,Male,Marketing,5617,473,07/16/2009
793,Vail,Blazejewski,vblazejewskim0@guardian.co.uk,Male,Engineering,1441,672,07/19/2006
794,Bartolomeo,Leversuch,bleversuchm1@cornell.edu,Male,Business Development,5878,,06/29/1997
795,Farlay,Dudenie,fdudeniem2@delicious.com,Male,Human Resources,2074,,05/21/1972
796,Page,Capron,pcapronm3@gmpg.org,Male,Research and Development,5577,,08/09/1980
797,Allyn,Swire,aswirem4@barnesandnoble.com,Male,Services,3110,,11/08/1999
798,Malory,Loveland,mlovelandm5@state.tx.us,Female,Accounting,2437,840,12/23/1989
799,Nari,Botwood,nbotwoodm6@icq.com,Female,Services,4335,1330,05/10/2001
800,Odie,Badrick,obadrickm7@answers.com,Male,Legal,3476,1358,08/03/2010
801,Vivi,Shafe,vshafem8@whitehouse.gov,Female,Services,5641,,02/06/2000
802,Shep,Chaves,schavesm9@springer.com,Male,Accounting,3176,,08/12/1995
803,Merralee,Jansens,mjansensma@paypal.com,Female,Research and Development,1989,,07/22/1972
804,Willi,Ayling,waylingmb@clickbank.net,Female,Product Management,5979,458,09/06/1985
805,Isidora,Nicholson,inicholsonmc@yandex.ru,Female,Human Resources,4811,1114,08/06/1992
806,Rosemarie,Goodram,rgoodrammd@boston.com,Female,Business Development,5359,306,11/05/1990
807,Frazer,Looks,flooksme@fda.gov,Male,Training,3779,,09/11/1995
808,Marline,Van den Hof,mvandenhofmf@biblegateway.com,Female,Engineering,5729,1915,11/15/2004
809,Gerti,Pettifer,gpettifermg@wikimedia.org,Female,Accounting,4948,490,05/16/1979
810,Neda,Banasiak,nbanasiakmh@jugem.jp,Genderfluid,Engineering,3749,,04/13/2009
811,Townsend,Lodevick,tlodevickmi@wikia.com,Male,Business Development,1399,800,06/23/1977
812,Merralee,Sugar,msugarmj@ca.gov,Genderfluid,Accounting,5821,1883,06/15/1995
813,Maynord,Faltskog,mfaltskogmk@usa.gov,Male,Accounting,4878,,11/29/2013
814,Teriann,Slowgrave,tslowgraveml@arizona.edu,Female,Research and Development,5771,572,03/06/2010
815,Yalonda,Dobbyn,ydobbynmm@mysql.com,Female,Training,3820,,05/25/1985
816,Lanita,Sango,lsangomn@boston.com,Female,Sales,5849,1095,06/21/1979
817,Hart,Brownlow,hbrownlowmo@jalbum.net,Male,Business Development,3332,222,09/10/1981
818,Howie,Baccus,hbaccusmp@hexun.com,Male,Business Development,1394,746,03/14/2008
819,Amber,Hamstead,ahamsteadmq@symantec.com,Genderqueer,Research and Development,1748,631,05/11/1983
820,Jelene,MacFaell,jmacfaellmr@freewebs.com,Female,Support,1443,,09/23/1996
821,Demetria,Igo,digoms@lulu.com,Female,Business Development,5012,,12/14/1984
822,Nealy,Fawssett,nfawssettmt@fc2.com,Male,Sales,5656,496,03/21/1976
823,Farris,Cumberpatch,fcumberpatchmu@gov.uk,Male,Human Resources,2967,1770,09/22/1988
824,Helenka,Kersley,hkersleymv@google.co.uk,Female,Product Management,2786,1544,10/07/1978
825,Faun,Collip,fcollipmw@forbes.com,Female,Training,4961,1283,04/05/1975
826,Joe,Pezey,jpezeymx@usda.gov,Agender,Product Management,3306,974,02/08/2005
827,Faith,Linner,flinnermy@unc.edu,Female,Product Management,5256,,05/23/1978
828,Jo,McHenry,jmchenrymz@edublogs.org,Male,Product Management,4167,1576,06/05/2012
829,Cilka,Hacquoil,chacquoiln0@hatena.ne.jp,Polygender,Marketing,4838,1695,05/31/1981
830,Elisabet,Moncreiffe,emoncreiffen1@japanpost.jp,Female,Engineering,4885,,03/24/2006
831,Lavinie,Mapplethorpe,lmapplethorpen2@indiegogo.com,Female,Marketing,4944,1577,11/16/1985
832,Filbert,Pomfrey,fpomfreyn3@auda.org.au,Male,Human Resources,3782,1330,02/29/2000
833,Cyndia,Thumnel,cthumneln4@lulu.com,Female,Legal,4318,836,12/09/1984
834,Waite,Brimblecombe,wbrimblecomben5@reverbnation.com,Male,Business Development,2374,351,02/07/2008
835,Nananne,Tomasz,ntomaszn6@wordpress.org,Genderfluid,Product Management,5172,1136,05/12/2006
836,Alvinia,Buddles,abuddlesn7@gravatar.com,Female,Legal,1464,1940,03/20/1986
837,Sada,Vogeler,svogelern8@amazon.co.jp,Female,Training,3915,697,10/14/2013
838,Lynnelle,Winnard,lwinnardn9@upenn.edu,Female,Product Management,2112,793,03/03/1986
839,Mechelle,Mellody,mmellodyna@nps.gov,Female,Accounting,2201,,12/23/1998
840,Rozelle,Rackstraw,rrackstrawnb@accuweather.com,Female,Support,3309,,04/27/1986
841,Lorianna,Gregorace,lgregoracenc@elegantthemes.com,Female,Research and Development,3109,242,12/06/2010
842,Ursula,Grishmanov,ugrishmanovnd@ca.gov,Female,Services,5412,,01/19/2009
843,Donnajean,Genty,dgentyne@naver.com,Female,Accounting,3762,,02/05/2002
844,Sherri,Garmons,sgarmonsnf@plala.or.jp,Female,Engineering,3021,181,10/06/1974
845,Neel,Baal,nbaalng@taobao.com,Male,Engineering,4387,,12/10/1988
846,Darleen,Bryant,dbryantnh@buzzfeed.com,Female,Training,2205,481,06/27/2006
847,Demetria,Tranter,dtranterni@wordpress.com,Female,Training,1602,,12/22/1999
848,Tabina,Gidney,tgidneynj@independent.co.uk,Female,Training,4146,,09/02/1996
849,Grant,Scarf,gscarfnk@fotki.com,Male,Support,3606,820,12/18/2005
850,Carmel,O'Connel,coconnelnl@pagesperso-orange.fr,Female,Legal,4875,745,01/04/2013
851,Boyd,Hothersall,bhothersallnm@clickbank.net,Male,Accounting,4861,,06/01/1988
852,Myca,Lydden,mlyddennn@feedburner.com,Male,Research and Development,1987,1825,08/21/2011
853,Caitlin,Hair,chairno@harvard.edu,Female,Support,1835,1716,05/30/1998
854,Blinnie,Kingston,bkingstonnp@nih.gov,Female,Human Resources,1048,1897,12/12/1990
855,Genni,Richardsson,grichardssonnq@google.co.jp,Female,Marketing,4105,323,05/30/1995
856,Raimondo,Bygrove,rbygrovenr@opensource.org,Non-binary,Sales,4991,426,08/08/1979
857,Robbin,Pitcaithly,rpitcaithlyns@economist.com,Bigender,Research and Development,5812,,04/19/1974
858,Pablo,Lagneaux,plagneauxnt@wix.com,Male,Legal,3765,469,06/02/2000
859,Jase,Tutt,jtuttnu@google.co.jp,Male,Accounting,1580,1240,11/14/1986
860,Fairleigh,McNeillie,fmcneillienv@1688.com,Male,Accounting,3470,1156,09/16/1979
861,Ainslie,Hyatt,ahyattnw@sakura.ne.jp,Female,Product Management,4105,,03/18/1974
862,Timothy,Foucard,tfoucardnx@irs.gov,Non-binary,Research and Development,2060,487,06/02/1980
863,Ives,Merveille,imerveilleny@chicagotribune.com,Male,Sales,1759,,04/11/1993
864,Kingsley,Dael,kdaelnz@youtu.be,Male,Business Development,4795,,09/11/1978
865,Kory,Kells,kkellso0@chronoengine.com,Male,Human Resources,4120,,06/13/1987
866,Adriaens,Comford,acomfordo1@vkontakte.ru,Female,Support,4492,1099,01/22/2012
867,Analise,Wanka,awankao2@ning.com,Female,Support,4554,592,01/12/1997
868,Bartolemo,Giraldez,bgiraldezo3@wired.com,Male,Marketing,3583,1403,02/17/1987
869,Flory,Pennycock,fpennycocko4@columbia.edu,Female,Legal,5549,584,01/16/1971
870,Modestine,Woller,mwollero5@washington.edu,Female,Human Resources,5685,,12/15/2013
871,Rosella,McAlester,rmcalestero6@archive.org,Female,Research and Development,4129,,08/06/1984
872,Karim,Carson,kcarsono7@homestead.com,Male,Legal,2613,575,12/16/1990
873,Gonzalo,Addy,gaddyo8@angelfire.com,Genderfluid,Support,3116,1942,07/18/1987
874,Conn,Paunton,cpauntono9@cam.ac.uk,Male,Support,5557,1985,07/15/2007
875,Millie,Pepper,mpepperoa@fastcompany.com,Female,Business Development,1145,674,01/03/2013
876,Tracey,Curror,tcurrorob@dion.ne.jp,Male,Product Management,3883,1377,11/08/2011
877,Jolene,Cleeves,jcleevesoc@msn.com,Female,Marketing,2699,1316,10/27/2006
878,Abran,Furley,afurleyod@themeforest.net,Male,Engineering,1108,227,04/06/1984
879,Corena,Begwell,cbegwelloe@desdev.cn,Female,Engineering,5939,,02/11/2010
880,Farrand,McQuie,fmcquieof@pbs.org,Female,Marketing,3939,1457,02/01/1981
881,Chelsy,Bain,cbainog@dot.gov,Female,Legal,3092,446,03/22/2008
882,Hilary,Barwis,hbarwisoh@washingtonpost.com,Female,Research and Development,5057,1008,10/17/2007
883,Oliy,Maharry,omaharryoi@friendfeed.com,Bigender,Product Management,4229,,05/26/1988
884,Annnora,Howis,ahowisoj@instagram.com,Female,Marketing,5776,803,11/05/2008
885,Pennie,McGuffog,pmcguffogok@thetimes.co.uk,Male,Support,3663,1556,02/16/1971
886,Dario,Grimsdyke,dgrimsdykeol@chronoengine.com,Male,Marketing,1048,826,11/07/1980
887,Tymothy,Rivelin,trivelinom@forbes.com,Agender,Research and Development,3175,,08/12/2008
888,Tildy,Behnecke,tbehneckeon@domainmarket.com,Female,Research and Development,1459,932,08/05/2006
889,Kane,Grube,kgrubeoo@rakuten.co.jp,Male,Human Resources,2320,757,02/17/1989
890,Stefan,Dearell,sdearellop@xrea.com,Bigender,Sales,3565,,01/09/1991
891,Simone,Bayston,sbaystonoq@behance.net,Male,Business Development,1521,966,06/01/1976
892,Jennee,Mulgrew,jmulgrewor@cmu.edu,Female,Services,5862,695,07/28/2011
893,Courtney,Arington,caringtonos@theatlantic.com,Non-binary,Accounting,4383,,11/11/1991
894,Etty,Hackleton,ehackletonot@a8.net,Female,Business Development,2085,,10/06/1977
895,Marie,Skates,mskatesou@abc.net.au,Female,Training,1405,1189,08/18/1970
896,Ethelind,Hatzar,ehatzarov@hhs.gov,Female,Human Resources,4618,748,10/16/1990
897,Tani,Sarchwell,tsarchwellow@over-blog.com,Female,Human Resources,2392,1450,02/14/2004
898,Doris,MacGall,dmacgallox@miitbeian.gov.cn,Female,Research and Development,2417,1765,07/10/2013
899,Cami,Coleridge,ccoleridgeoy@w3.org,Polygender,Training,4345,885,06/10/2006
900,Dyna,Aronoff,daronoffoz@europa.eu,Female,Marketing,2046,,04/19/1993
901,Yank,McCarrell,ymccarrellp0@jigsy.com,Male,Human Resources,4427,,09/07/2012
902,Benedicto,Pennetti,bpennettip1@webeden.co.uk,Male,Product Management,4729,431,11/16/2002
903,Mel,Lownsbrough,mlownsbroughp2@sbwire.com,Male,Product Management,2174,124,08/27/1997
904,Giacomo,Whittock,gwhittockp3@technorati.com,Male,Research and Development,4488,363,10/07/2006
905,Jonah,Hawkridge,jhawkridgep4@blog.com,Male,Sales,5124,353,06/09/2013
906,Opal,Bedbrough,obedbroughp5@liveinternet.ru,Genderfluid,Sales,3890,,05/16/2012
907,Tann,Nani,tnanip6@smh.com.au,Male,Accounting,1058,1720,08/20/2004
908,Daphna,MacAnelley,dmacanelleyp7@flickr.com,Female,Training,3856,,01/29/1985
909,Lonnie,Bart,lbartp8@ebay.co.uk,Male,Business Development,5847,,08/04/1987
910,Stephanus,Hawler,shawlerp9@weibo.com,Male,Marketing,5435,1105,08/25/1973
911,Rozamond,Moquin,rmoquinpa@list-manage.com,Female,Marketing,1626,286,07/14/1998
912,Nyssa,Partener,npartenerpb@goo.ne.jp,Female,Business Development,1319,1446,08/17/1987
913,Luise,Southern,lsouthernpc@independent.co.uk,Female,Marketing,4589,883,01/31/2011
914,Robina,Costan,rcostanpd@ebay.co.uk,Female,Sales,5949,,12/11/1998
915,Bogart,Betham,bbethampe@dmoz.org,Male,Product Management,1653,608,11/05/1999
916,Storm,Got,sgotpf@merriam-webster.com,Female,Sales,5893,1496,10/14/1973
917,Abbi,Hogbourne,ahogbournepg@reddit.com,Female,Services,5987,163,06/28/1982
918,Amalle,Lovie,alovieph@skyrock.com,Female,Product Management,2462,629,09/05/1979
919,Orly,Mcwhinney,omcwhinneypi@surveymonkey.com,Female,Support,1845,1274,02/25/1977
920,Laurella,Scanterbury,lscanterburypj@t-online.de,Female,Research and Development,5703,1960,10/14/1975
921,Celie,Windaybank,cwindaybankpk@chicagotribune.com,Polygender,Sales,5450,729,02/07/1999
922,Maison,Boyd,mboydpl@cyberchimps.com,Male,Training,4033,1478,08/17/2011
923,Ray,Dickson,rdicksonpm@salon.com,Male,Accounting,1556,1814,11/01/1988
924,Lawrence,Fidian,lfidianpn@nbcnews.com,Male,Support,3170,441,11/07/2012
925,Josi,Claricoates,jclaricoatespo@weibo.com,Female,Training,5784,290,01/15/1970
926,Adam,Castiblanco,acastiblancopp@marriott.com,Male,Accounting,3858,1405,12/21/1997
927,Bradford,Scoffins,bscoffinspq@usda.gov,Male,Human Resources,2339,1447,08/21/1985
928,William,Minmagh,wminmaghpr@si.edu,Male,Services,2303,1946,04/25/1980
929,Remus,Robbie,rrobbieps@paginegialle.it,Male,Training,4298,1907,06/22/2003
930,Caresa,Belverstone,cbelverstonept@ftc.gov,Female,Engineering,5933,309,06/08/1979
931,Caril,Lohan,clohanpu@techcrunch.com,Female,Engineering,4838,,05/08/1985
932,Delores,Baytrop,dbaytroppv@ucsd.edu,Female,Sales,5611,,06/17/1988
933,Tory,Kayes,tkayespw@mlb.com,Female,Marketing,2193,,09/11/2002
934,Vasili,Gaitskell,vgaitskellpx@who.int,Male,Training,1238,,02/08/1999
935,Kim,Edgson,kedgsonpy@shareasale.com,Female,Research and Development,3914,443,02/13/2008
936,Burl,Dungey,bdungeypz@imageshack.us,Male,Services,1100,,07/11/1979
937,Dehlia,Dorney,ddorneyq0@irs.gov,Female,Business Development,2461,1953,01/31/1995
938,Kat,Leyban,kleybanq1@cdc.gov,Female,Engineering,4867,1961,03/28/1989
939,Miller,Gillino,mgillinoq2@unblog.fr,Male,Accounting,2748,1758,05/24/1975
940,Brande,Cannam,bcannamq3@dailymotion.com,Female,Research and Development,2864,496,10/14/1995
941,Hynda,Lammers,hlammersq4@si.edu,Female,Legal,3507,1473,12/13/2013
942,Felizio,Coverlyn,fcoverlynq5@bloglines.com,Male,Training,1804,1957,12/23/1975
943,Brnaby,Tesseyman,btesseymanq6@list-manage.com,Male,Research and Development,4429,203,02/25/2011
944,Sonnnie,Mallebone,smalleboneq7@typepad.com,Female,Research and Development,3340,159,04/10/1996
945,Thane,Rape,trapeq8@yellowbook.com,Male,Engineering,4565,519,08/06/1970
946,Thornton,Grisbrook,tgrisbrookq9@pinterest.com,Male,Sales,2026,1104,10/21/1976
947,Monique,MacClenan,mmacclenanqa@over-blog.com,Female,Marketing,2589,,11/11/1996
948,Barny,Agronski,bagronskiqb@arizona.edu,Male,Sales,1588,846,01/23/1975
949,Gustave,Breeze,gbreezeqc@spiegel.de,Male,Support,3124,,03/19/2005
950,Vonni,Brewer,vbrewerqd@unesco.org,Female,Legal,1513,,03/18/1982
951,Garvy,Schimaschke,gschimaschkeqe@edublogs.org,Male,Product Management,3612,,02/09/2006
952,Darci,Ramstead,dramsteadqf@reuters.com,Female,Business Development,4407,1627,05/21/1978
953,Emma,Milkin,emilkinqg@globo.com,Female,Support,5495,,08/07/2005
954,Leanora,Evered,leveredqh@meetup.com,Genderfluid,Services,4935,1716,07/11/1979
955,Jarred,Burrows,jburrowsqi@wikimedia.org,Male,Product Management,2054,203,04/15/1994
956,Wiatt,Varley,wvarleyqj@addthis.com,Male,Business Development,1152,,12/22/2003
957,Phillie,Baptista,pbaptistaqk@ameblo.jp,Female,Marketing,5869,443,10/14/1980
958,Patrice,Suthren,psuthrenql@aol.com,Female,Training,3645,1669,10/23/1973
959,Jarvis,Seyfart,jseyfartqm@google.fr,Male,Training,2247,802,10/21/2006
960,Nahum,Baulch,nbaulchqn@umn.edu,Male,Human Resources,2480,644,10/30/1975
961,Anderson,Eyeington,aeyeingtonqo@ask.com,Male,Research and Development,3467,669,07/11/2013
962,Rozalie,Dranfield,rdranfieldqp@dropbox.com,Female,Support,4347,,05/20/1989
963,Carleen,Gilloran,cgilloranqq@dyndns.org,Female,Sales,2134,244,10/23/1991
964,Corie,Merredy,cmerredyqr@google.cn,Female,Legal,4009,,07/20/1993
965,Ahmad,Musicka,amusickaqs@cbslocal.com,Male,Human Resources,3023,139,06/23/1982
966,Jayne,Glasser,jglasserqt@miitbeian.gov.cn,Female,Marketing,2568,318,03/08/2005
967,Lydia,Rudgerd,lrudgerdqu@ucoz.com,Female,Business Development,5050,1309,08/09/1971
968,Artemis,Ricoald,aricoaldqv@free.fr,Male,Services,4934,466,04/12/1993
969,Merola,Hassard,mhassardqw@deviantart.com,Female,Sales,1512,1712,06/27/1995
970,Lizette,Christopherson,lchristophersonqx@nymag.com,Female,Engineering,1738,504,04/21/1988
971,Jae,Oakhill,joakhillqy@boston.com,Agender,Legal,1568,,10/23/1978
972,Casey,Caesar,ccaesarqz@bloglines.com,Male,Services,4381,1437,12/08/1982
973,Nolie,Wogan,nwoganr0@live.com,Female,Support,3802,,01/21/1987
974,Sibyl,Rawlings,srawlingsr1@webnode.com,Male,Product Management,3999,983,03/17/1971
975,Russ,Bransden,rbransdenr2@mozilla.com,Male,Sales,4364,1662,10/03/1977
976,Madella,Mohun,mmohunr3@howstuffworks.com,Female,Support,4032,,03/17/1975
977,Audry,Gallymore,agallymorer4@statcounter.com,Female,Sales,5973,1282,10/26/1982
978,Ives,Conyard,iconyardr5@java.com,Male,Sales,4118,,04/24/1990
979,Anson,Toulch,atoulchr6@about.me,Male,Services,4189,622,05/30/2005
980,Shelba,Whooley,swhooleyr7@merriam-webster.com,Female,Legal,3389,948,10/29/2008
981,Adiana,Hendron,ahendronr8@apache.org,Female,Human Resources,4897,218,08/27/2004
982,Reta,Roskam,rroskamr9@chicagotribune.com,Female,Marketing,1767,228,07/04/2000
983,Durand,Sapsforde,dsapsfordera@skyrock.com,Male,Research and Development,1250,380,04/14/1994
984,Claudian,Beresford,cberesfordrb@wsj.com,Male,Research and Development,5955,873,06/10/1986
985,Bertram,Paull,bpaullrc@homestead.com,Male,Legal,3295,,12/28/2003
986,Dynah,Budgeon,dbudgeonrd@virginia.edu,Female,Support,3175,,10/23/1975
987,Myra,MacGahy,mmacgahyre@ezinearticles.com,Female,Services,4325,,08/02/1988
988,Ike,Eggle,iegglerf@tamu.edu,Male,Support,2728,,02/13/1992
989,Adler,Saer,asaerrg@lulu.com,Male,Human Resources,4531,956,02/11/2007
990,Harriet,Dando,hdandorh@guardian.co.uk,Female,Services,3884,219,09/20/1970
991,Stan,Spawforth,sspawforthri@issuu.com,Male,Training,2631,359,03/06/1995
992,Torrin,Moresby,tmoresbyrj@upenn.edu,Male,Accounting,5231,1044,02/21/1972
993,Kevin,Bagwell,kbagwellrk@cam.ac.uk,Male,Services,1850,1819,07/12/1993
994,Andrey,Budibent,abudibentrl@macromedia.com,Male,Support,5702,1640,03/16/2009
995,Danie,Trowel,dtrowelrm@nih.gov,Male,Engineering,2462,1185,01/29/1984
996,Sutherlan,Rickard,srickardrn@creativecommons.org,Male,Human Resources,3371,1641,11/01/2012
997,Wade,Boulter,wboulterro@intel.com,Male,Product Management,1580,807,03/05/2005
998,Lance,Beauman,lbeaumanrp@buzzfeed.com,Male,Legal,4793,1443,09/25/1984
999,Solly,Andover,sandoverrq@purevolume.com,Male,Business Development,2588,,03/22/1973
1000,Rheta,Kornilov,rkornilovrr@rakuten.co.jp,Female,Sales,5467,1963,05/27/1989
